-- phpMyAdmin SQL Dump
-- version 5.2.2
-- https://www.phpmyadmin.net/
--
-- Host: 127.0.0.1:3306
-- Generation Time: Nov 13, 2025 at 12:14 PM
-- Server version: 11.8.3-MariaDB-log
-- PHP Version: 7.2.34

SET SQL_MODE = "NO_AUTO_VALUE_ON_ZERO";
START TRANSACTION;
SET time_zone = "+00:00";


/*!40101 SET @OLD_CHARACTER_SET_CLIENT=@@CHARACTER_SET_CLIENT */;
/*!40101 SET @OLD_CHARACTER_SET_RESULTS=@@CHARACTER_SET_RESULTS */;
/*!40101 SET @OLD_COLLATION_CONNECTION=@@COLLATION_CONNECTION */;
/*!40101 SET NAMES utf8mb4 */;

--
-- Database: `u644806311_docedoce`
--

-- --------------------------------------------------------

--
-- Table structure for table `auth_tokens`
--

CREATE TABLE `auth_tokens` (
  `id` bigint(20) UNSIGNED NOT NULL,
  `user_id` bigint(20) UNSIGNED NOT NULL,
  `token` varchar(64) NOT NULL,
  `name` varchar(255) NOT NULL,
  `abilities` longtext CHARACTER SET utf8mb4 COLLATE utf8mb4_bin DEFAULT NULL CHECK (json_valid(`abilities`)),
  `last_used_at` timestamp NULL DEFAULT NULL,
  `expires_at` timestamp NULL DEFAULT NULL,
  `created_at` timestamp NULL DEFAULT NULL,
  `updated_at` timestamp NULL DEFAULT NULL
) ENGINE=InnoDB DEFAULT CHARSET=utf8mb4 COLLATE=utf8mb4_unicode_ci;

-- --------------------------------------------------------

--
-- Table structure for table `cache`
--

CREATE TABLE `cache` (
  `key` varchar(255) NOT NULL,
  `value` mediumtext NOT NULL,
  `expiration` int(11) NOT NULL
) ENGINE=InnoDB DEFAULT CHARSET=utf8mb4 COLLATE=utf8mb4_unicode_ci;

-- --------------------------------------------------------

--
-- Table structure for table `cache_locks`
--

CREATE TABLE `cache_locks` (
  `key` varchar(255) NOT NULL,
  `owner` varchar(255) NOT NULL,
  `expiration` int(11) NOT NULL
) ENGINE=InnoDB DEFAULT CHARSET=utf8mb4 COLLATE=utf8mb4_unicode_ci;

-- --------------------------------------------------------

--
-- Table structure for table `cash_registers`
--

CREATE TABLE `cash_registers` (
  `id` bigint(20) UNSIGNED NOT NULL,
  `user_id` bigint(20) UNSIGNED NOT NULL,
  `opening_balance` decimal(10,2) NOT NULL,
  `closing_balance` decimal(10,2) DEFAULT NULL,
  `opened_at` timestamp NOT NULL DEFAULT current_timestamp() ON UPDATE current_timestamp(),
  `closed_at` timestamp NULL DEFAULT NULL,
  `status` enum('aberto','fechado') NOT NULL DEFAULT 'aberto',
  `opening_notes` text DEFAULT NULL,
  `closing_notes` text DEFAULT NULL,
  `created_at` timestamp NULL DEFAULT NULL,
  `updated_at` timestamp NULL DEFAULT NULL
) ENGINE=InnoDB DEFAULT CHARSET=utf8mb4 COLLATE=utf8mb4_unicode_ci;

--
-- Dumping data for table `cash_registers`
--

INSERT INTO `cash_registers` (`id`, `user_id`, `opening_balance`, `closing_balance`, `opened_at`, `closed_at`, `status`, `opening_notes`, `closing_notes`, `created_at`, `updated_at`) VALUES
(4, 2, 10.00, 0.00, '2025-11-05 15:37:24', '2025-11-05 15:37:24', 'fechado', NULL, '', '2025-10-30 13:44:37', '2025-11-05 15:37:24'),
(5, 2, 10.00, 62.00, '2025-11-06 21:42:48', '2025-11-06 21:42:48', 'fechado', NULL, '', '2025-11-05 15:38:02', '2025-11-06 21:42:48'),
(6, 2, 10.00, 22.00, '2025-11-06 22:16:05', '2025-11-06 22:16:05', 'fechado', NULL, '', '2025-11-06 21:43:19', '2025-11-06 22:16:05'),
(7, 2, 22.00, 590.00, '2025-11-07 22:17:32', '2025-11-07 22:17:32', 'fechado', NULL, '', '2025-11-07 14:19:02', '2025-11-07 22:17:32'),
(8, 2, 8.00, 35.00, '2025-11-08 22:30:07', '2025-11-08 22:30:07', 'fechado', NULL, '', '2025-11-08 18:05:23', '2025-11-08 22:30:07'),
(9, 2, 2.00, 992.00, '2025-11-11 21:47:49', '2025-11-11 21:47:49', 'fechado', NULL, '', '2025-11-09 16:29:58', '2025-11-11 21:47:49'),
(10, 2, 5.00, 83300.00, '2025-11-12 22:33:26', '2025-11-12 22:33:26', 'fechado', NULL, '2 reais a menos', '2025-11-12 17:28:51', '2025-11-12 22:33:26');

-- --------------------------------------------------------

--
-- Table structure for table `categories`
--

CREATE TABLE `categories` (
  `id` bigint(20) UNSIGNED NOT NULL,
  `name` varchar(255) NOT NULL,
  `description` text DEFAULT NULL,
  `active` tinyint(1) NOT NULL DEFAULT 1,
  `created_at` timestamp NULL DEFAULT NULL,
  `updated_at` timestamp NULL DEFAULT NULL,
  `deleted_at` timestamp NULL DEFAULT NULL
) ENGINE=InnoDB DEFAULT CHARSET=utf8mb4 COLLATE=utf8mb4_unicode_ci;

--
-- Dumping data for table `categories`
--

INSERT INTO `categories` (`id`, `name`, `description`, `active`, `created_at`, `updated_at`, `deleted_at`) VALUES
(1, 'Fatias Tradicionais', 'Bolos clássicos e tradicionais', 1, '2025-10-26 23:38:57', '2025-11-05 15:41:01', NULL),
(2, 'Fatias Premium', 'Bolos gourmet e especiais', 1, '2025-10-26 23:38:57', '2025-11-05 15:40:44', NULL),
(3, 'Doces Finos', 'Docinhos e sobremesas finas', 1, '2025-10-26 23:38:57', '2025-11-05 15:39:37', '2025-11-05 15:39:37'),
(4, 'Tortas', 'Tortas doces e salgadas', 1, '2025-10-26 23:38:57', '2025-10-26 23:38:57', NULL),
(5, 'Pães', 'Pães artesanais e caseiros', 1, '2025-10-26 23:38:57', '2025-10-30 19:46:22', '2025-10-30 19:46:22'),
(6, 'Salgados', 'Salgados para lanche e festas', 1, '2025-10-26 23:38:57', '2025-10-26 23:38:57', NULL),
(7, 'Bebidas', 'Refrigerantes, sucos e bebidas', 1, '2025-10-26 23:38:57', '2025-10-26 23:38:57', NULL),
(8, 'Caseirinhos', NULL, 1, '2025-10-30 18:49:10', '2025-11-05 15:41:15', NULL),
(9, 'Copos da Felicidade', 'Sobremesas com combinações perfeitas de sabores feitos em camadas eles reúnem cremes, bolos, frutas e chocolates em uma explosão irresistível.', 1, '2025-11-03 17:56:45', '2025-11-10 18:19:37', NULL),
(10, 'Brownies', 'Brownie uma sobremesa de clássico,tipicamente servida em pequenos quadrados', 1, '2025-11-05 19:58:40', '2025-11-05 19:58:40', NULL),
(11, 'Geladinho Gourmet', NULL, 1, '2025-11-05 20:47:34', '2025-11-10 18:20:07', NULL),
(12, 'Cafés', NULL, 1, '2025-11-05 20:52:29', '2025-11-05 20:52:29', NULL),
(13, 'Combos', NULL, 1, '2025-11-06 21:56:59', '2025-11-06 21:56:59', NULL),
(14, 'Bolos Gelado', NULL, 1, '2025-11-12 17:50:08', '2025-11-12 17:50:08', NULL);

-- --------------------------------------------------------

--
-- Table structure for table `customers`
--

CREATE TABLE `customers` (
  `id` bigint(20) UNSIGNED NOT NULL,
  `name` varchar(255) NOT NULL,
  `phone` varchar(255) DEFAULT NULL,
  `email` varchar(255) DEFAULT NULL,
  `cpf` varchar(255) DEFAULT NULL,
  `address` text DEFAULT NULL,
  `neighborhood` varchar(255) DEFAULT NULL,
  `city` varchar(255) DEFAULT NULL,
  `state` varchar(255) DEFAULT NULL,
  `zipcode` varchar(255) DEFAULT NULL,
  `created_at` timestamp NULL DEFAULT NULL,
  `updated_at` timestamp NULL DEFAULT NULL,
  `deleted_at` timestamp NULL DEFAULT NULL
) ENGINE=InnoDB DEFAULT CHARSET=utf8mb4 COLLATE=utf8mb4_unicode_ci;

--
-- Dumping data for table `customers`
--

INSERT INTO `customers` (`id`, `name`, `phone`, `email`, `cpf`, `address`, `neighborhood`, `city`, `state`, `zipcode`, `created_at`, `updated_at`, `deleted_at`) VALUES
(9, 'Cristiane Morais', NULL, NULL, NULL, NULL, NULL, NULL, NULL, NULL, '2025-11-05 15:03:06', '2025-11-05 15:03:06', NULL),
(10, 'Késsia', '(98) 98828-1800', NULL, NULL, NULL, NULL, NULL, NULL, NULL, '2025-11-12 17:16:13', '2025-11-12 17:16:13', NULL);

-- --------------------------------------------------------

--
-- Table structure for table `encomendas`
--

CREATE TABLE `encomendas` (
  `id` bigint(20) UNSIGNED NOT NULL,
  `user_id` bigint(20) UNSIGNED NOT NULL,
  `customer_id` bigint(20) UNSIGNED DEFAULT NULL,
  `code` varchar(255) NOT NULL,
  `title` varchar(255) NOT NULL,
  `description` text DEFAULT NULL,
  `notes` text DEFAULT NULL,
  `status` enum('pendente','em_producao','pronto','entregue','cancelado') NOT NULL DEFAULT 'pendente',
  `delivery_date` date NOT NULL,
  `delivery_time` time DEFAULT NULL,
  `delivery_address` text DEFAULT NULL,
  `delivery_fee` decimal(8,2) NOT NULL DEFAULT 0.00,
  `subtotal` decimal(10,2) NOT NULL,
  `custom_costs` decimal(10,2) NOT NULL DEFAULT 0.00,
  `discount` decimal(10,2) NOT NULL DEFAULT 0.00,
  `total` decimal(10,2) NOT NULL,
  `created_at` timestamp NULL DEFAULT NULL,
  `updated_at` timestamp NULL DEFAULT NULL,
  `deleted_at` timestamp NULL DEFAULT NULL
) ENGINE=InnoDB DEFAULT CHARSET=utf8mb4 COLLATE=utf8mb4_unicode_ci;

--
-- Dumping data for table `encomendas`
--

INSERT INTO `encomendas` (`id`, `user_id`, `customer_id`, `code`, `title`, `description`, `notes`, `status`, `delivery_date`, `delivery_time`, `delivery_address`, `delivery_fee`, `subtotal`, `custom_costs`, `discount`, `total`, `created_at`, `updated_at`, `deleted_at`) VALUES
(1, 2, NULL, 'ENC-43313', 'Bolo chantininho', '1,5kg bolo Chantininho R$165,00\r\nMassa Branca \r\nRecheio 1: Doce de leite\r\nRecheio 2: ninho', NULL, 'pendente', '2025-11-13', '12:04:00', NULL, 0.00, 165.00, 0.00, 0.00, 165.00, '2025-11-12 17:17:21', '2025-11-12 17:17:21', NULL);

-- --------------------------------------------------------

--
-- Table structure for table `encomenda_items`
--

CREATE TABLE `encomenda_items` (
  `id` bigint(20) UNSIGNED NOT NULL,
  `encomenda_id` bigint(20) UNSIGNED NOT NULL,
  `product_id` bigint(20) UNSIGNED DEFAULT NULL,
  `product_name` varchar(255) NOT NULL,
  `quantity` int(11) NOT NULL,
  `unit_price` decimal(10,2) NOT NULL,
  `subtotal` decimal(10,2) NOT NULL,
  `notes` text DEFAULT NULL,
  `created_at` timestamp NULL DEFAULT NULL,
  `updated_at` timestamp NULL DEFAULT NULL
) ENGINE=InnoDB DEFAULT CHARSET=utf8mb4 COLLATE=utf8mb4_unicode_ci;

--
-- Dumping data for table `encomenda_items`
--

INSERT INTO `encomenda_items` (`id`, `encomenda_id`, `product_id`, `product_name`, `quantity`, `unit_price`, `subtotal`, `notes`, `created_at`, `updated_at`) VALUES
(1, 1, NULL, 'Bolo chantininho', 1, 165.00, 165.00, '1,5kg bolo Chantininho R$165,00\r\nMassa Branca \r\nRecheio 1: Doce de leite\r\nRecheio 2: ninho', '2025-11-12 17:17:21', '2025-11-12 17:17:21');

-- --------------------------------------------------------

--
-- Table structure for table `expenses`
--

CREATE TABLE `expenses` (
  `id` bigint(20) UNSIGNED NOT NULL,
  `user_id` bigint(20) UNSIGNED NOT NULL,
  `type` enum('entrada','saida') NOT NULL DEFAULT 'saida',
  `description` varchar(255) NOT NULL,
  `amount` decimal(10,2) NOT NULL,
  `date` date NOT NULL,
  `payment_method` enum('dinheiro','cartao_credito','cartao_debito','pix','transferencia','boleto') DEFAULT NULL,
  `notes` text DEFAULT NULL,
  `created_at` timestamp NULL DEFAULT NULL,
  `updated_at` timestamp NULL DEFAULT NULL,
  `deleted_at` timestamp NULL DEFAULT NULL,
  `cash_register_id` bigint(20) UNSIGNED DEFAULT NULL
) ENGINE=InnoDB DEFAULT CHARSET=utf8mb4 COLLATE=utf8mb4_unicode_ci;

-- --------------------------------------------------------

--
-- Table structure for table `failed_jobs`
--

CREATE TABLE `failed_jobs` (
  `id` bigint(20) UNSIGNED NOT NULL,
  `uuid` varchar(255) NOT NULL,
  `connection` text NOT NULL,
  `queue` text NOT NULL,
  `payload` longtext NOT NULL,
  `exception` longtext NOT NULL,
  `failed_at` timestamp NOT NULL DEFAULT current_timestamp()
) ENGINE=InnoDB DEFAULT CHARSET=utf8mb4 COLLATE=utf8mb4_unicode_ci;

-- --------------------------------------------------------

--
-- Table structure for table `jobs`
--

CREATE TABLE `jobs` (
  `id` bigint(20) UNSIGNED NOT NULL,
  `queue` varchar(255) NOT NULL,
  `payload` longtext NOT NULL,
  `attempts` tinyint(3) UNSIGNED NOT NULL,
  `reserved_at` int(10) UNSIGNED DEFAULT NULL,
  `available_at` int(10) UNSIGNED NOT NULL,
  `created_at` int(10) UNSIGNED NOT NULL
) ENGINE=InnoDB DEFAULT CHARSET=utf8mb4 COLLATE=utf8mb4_unicode_ci;

-- --------------------------------------------------------

--
-- Table structure for table `job_batches`
--

CREATE TABLE `job_batches` (
  `id` varchar(255) NOT NULL,
  `name` varchar(255) NOT NULL,
  `total_jobs` int(11) NOT NULL,
  `pending_jobs` int(11) NOT NULL,
  `failed_jobs` int(11) NOT NULL,
  `failed_job_ids` longtext NOT NULL,
  `options` mediumtext DEFAULT NULL,
  `cancelled_at` int(11) DEFAULT NULL,
  `created_at` int(11) NOT NULL,
  `finished_at` int(11) DEFAULT NULL
) ENGINE=InnoDB DEFAULT CHARSET=utf8mb4 COLLATE=utf8mb4_unicode_ci;

-- --------------------------------------------------------

--
-- Table structure for table `menus`
--

CREATE TABLE `menus` (
  `id` bigint(20) UNSIGNED NOT NULL,
  `product_id` bigint(20) UNSIGNED NOT NULL,
  `day_of_week` enum('segunda','terca','quarta','quinta','sexta','sabado','domingo') NOT NULL,
  `available` tinyint(1) NOT NULL DEFAULT 1,
  `created_at` timestamp NULL DEFAULT NULL,
  `updated_at` timestamp NULL DEFAULT NULL
) ENGINE=InnoDB DEFAULT CHARSET=utf8mb4 COLLATE=utf8mb4_unicode_ci;

--
-- Dumping data for table `menus`
--

INSERT INTO `menus` (`id`, `product_id`, `day_of_week`, `available`, `created_at`, `updated_at`) VALUES
(1, 1, 'segunda', 1, '2025-10-26 23:38:57', '2025-10-26 23:38:57'),
(2, 1, 'terca', 1, '2025-10-26 23:38:57', '2025-10-26 23:38:57'),
(3, 1, 'quarta', 1, '2025-10-26 23:38:57', '2025-10-29 00:26:51'),
(4, 1, 'quinta', 0, '2025-10-26 23:38:58', '2025-10-29 00:21:37'),
(5, 1, 'sexta', 1, '2025-10-26 23:38:58', '2025-10-26 23:38:58'),
(6, 1, 'sabado', 1, '2025-10-26 23:38:58', '2025-10-26 23:38:58'),
(7, 2, 'segunda', 1, '2025-10-26 23:38:58', '2025-10-26 23:38:58'),
(8, 2, 'terca', 1, '2025-10-26 23:38:58', '2025-10-26 23:38:58'),
(9, 2, 'quarta', 1, '2025-10-26 23:38:58', '2025-10-26 23:38:58'),
(10, 2, 'quinta', 1, '2025-10-26 23:38:58', '2025-10-26 23:38:58'),
(11, 2, 'sexta', 1, '2025-10-26 23:38:58', '2025-10-26 23:38:58'),
(12, 2, 'sabado', 1, '2025-10-26 23:38:58', '2025-10-26 23:38:58'),
(13, 3, 'segunda', 1, '2025-10-26 23:38:58', '2025-10-26 23:38:58'),
(14, 3, 'terca', 1, '2025-10-26 23:38:58', '2025-10-26 23:38:58'),
(15, 3, 'quarta', 1, '2025-10-26 23:38:58', '2025-10-29 00:26:50'),
(16, 3, 'quinta', 0, '2025-10-26 23:38:58', '2025-10-29 00:21:39'),
(17, 3, 'sexta', 1, '2025-10-26 23:38:58', '2025-10-26 23:38:58'),
(18, 3, 'sabado', 1, '2025-10-26 23:38:58', '2025-10-26 23:38:58'),
(19, 4, 'quarta', 1, '2025-10-26 23:38:58', '2025-10-26 23:38:58'),
(20, 4, 'quinta', 1, '2025-10-26 23:38:58', '2025-10-26 23:38:58'),
(21, 4, 'sexta', 1, '2025-10-26 23:38:58', '2025-10-26 23:38:58'),
(22, 4, 'sabado', 1, '2025-10-26 23:38:58', '2025-10-26 23:38:58'),
(23, 4, 'domingo', 1, '2025-10-26 23:38:58', '2025-10-26 23:38:58'),
(24, 5, 'quarta', 1, '2025-10-26 23:38:58', '2025-10-26 23:38:58'),
(25, 5, 'quinta', 1, '2025-10-26 23:38:58', '2025-10-26 23:38:58'),
(26, 5, 'sexta', 1, '2025-10-26 23:38:58', '2025-10-26 23:38:58'),
(27, 5, 'sabado', 1, '2025-10-26 23:38:58', '2025-10-26 23:38:58'),
(28, 5, 'domingo', 1, '2025-10-26 23:38:58', '2025-10-26 23:38:58'),
(29, 6, 'quinta', 1, '2025-10-26 23:38:58', '2025-10-26 23:38:58'),
(30, 6, 'sexta', 1, '2025-10-26 23:38:58', '2025-10-26 23:38:58'),
(31, 6, 'sabado', 1, '2025-10-26 23:38:58', '2025-10-26 23:38:58'),
(32, 6, 'domingo', 1, '2025-10-26 23:38:58', '2025-10-26 23:38:58'),
(33, 7, 'quinta', 0, '2025-10-26 23:38:58', '2025-10-29 00:21:41'),
(34, 7, 'sexta', 1, '2025-10-26 23:38:58', '2025-10-26 23:38:58'),
(35, 7, 'sabado', 1, '2025-10-26 23:38:58', '2025-10-26 23:38:58'),
(36, 7, 'domingo', 1, '2025-10-26 23:38:58', '2025-10-26 23:38:58'),
(37, 8, 'quinta', 1, '2025-10-26 23:38:58', '2025-10-26 23:38:58'),
(38, 8, 'sexta', 1, '2025-10-26 23:38:58', '2025-10-26 23:38:58'),
(39, 8, 'sabado', 1, '2025-10-26 23:38:58', '2025-10-26 23:38:58'),
(40, 8, 'domingo', 1, '2025-10-26 23:38:58', '2025-10-26 23:38:58'),
(41, 9, 'sexta', 1, '2025-10-26 23:38:58', '2025-10-26 23:38:58'),
(42, 9, 'sabado', 1, '2025-10-26 23:38:58', '2025-10-26 23:38:58'),
(43, 9, 'domingo', 1, '2025-10-26 23:38:58', '2025-10-26 23:38:58'),
(44, 10, 'sexta', 1, '2025-10-26 23:38:58', '2025-10-26 23:38:58'),
(45, 10, 'sabado', 1, '2025-10-26 23:38:58', '2025-10-26 23:38:58'),
(46, 10, 'domingo', 1, '2025-10-26 23:38:58', '2025-10-26 23:38:58'),
(47, 11, 'segunda', 1, '2025-10-26 23:38:58', '2025-10-26 23:38:58'),
(48, 11, 'terca', 1, '2025-10-26 23:38:58', '2025-10-26 23:38:58'),
(49, 11, 'quarta', 1, '2025-10-26 23:38:58', '2025-10-26 23:38:58'),
(50, 11, 'quinta', 1, '2025-10-26 23:38:58', '2025-10-26 23:38:58'),
(51, 11, 'sexta', 1, '2025-10-26 23:38:58', '2025-10-26 23:38:58'),
(52, 11, 'sabado', 1, '2025-10-26 23:38:58', '2025-10-26 23:38:58'),
(53, 11, 'domingo', 1, '2025-10-26 23:38:58', '2025-10-26 23:38:58'),
(54, 12, 'segunda', 1, '2025-10-26 23:38:58', '2025-10-26 23:38:58'),
(55, 12, 'terca', 1, '2025-10-26 23:38:58', '2025-10-26 23:38:58'),
(56, 12, 'quarta', 1, '2025-10-26 23:38:58', '2025-10-26 23:38:58'),
(57, 12, 'quinta', 1, '2025-10-26 23:38:58', '2025-10-26 23:38:58'),
(58, 12, 'sexta', 1, '2025-10-26 23:38:58', '2025-10-26 23:38:58'),
(59, 12, 'sabado', 1, '2025-10-26 23:38:58', '2025-10-26 23:38:58'),
(60, 12, 'domingo', 1, '2025-10-26 23:38:58', '2025-10-26 23:38:58'),
(61, 13, 'segunda', 1, '2025-10-26 23:38:58', '2025-10-26 23:38:58'),
(62, 13, 'terca', 1, '2025-10-26 23:38:58', '2025-10-26 23:38:58'),
(63, 13, 'quarta', 1, '2025-10-26 23:38:58', '2025-10-26 23:38:58'),
(64, 13, 'quinta', 1, '2025-10-26 23:38:58', '2025-10-26 23:38:58'),
(65, 13, 'sexta', 1, '2025-10-26 23:38:58', '2025-10-26 23:38:58'),
(66, 14, 'segunda', 1, '2025-10-26 23:38:58', '2025-10-26 23:38:58'),
(67, 14, 'terca', 1, '2025-10-26 23:38:58', '2025-10-26 23:38:58'),
(68, 14, 'quarta', 1, '2025-10-26 23:38:58', '2025-10-26 23:38:58'),
(69, 14, 'quinta', 1, '2025-10-26 23:38:58', '2025-10-26 23:38:58'),
(70, 14, 'sexta', 1, '2025-10-26 23:38:58', '2025-10-26 23:38:58'),
(71, 15, 'segunda', 1, '2025-10-26 23:38:58', '2025-10-26 23:38:58'),
(72, 15, 'terca', 1, '2025-10-26 23:38:58', '2025-10-26 23:38:58'),
(73, 15, 'quarta', 1, '2025-10-26 23:38:58', '2025-10-26 23:38:58'),
(74, 15, 'quinta', 1, '2025-10-26 23:38:58', '2025-10-26 23:38:58'),
(75, 15, 'sexta', 1, '2025-10-26 23:38:58', '2025-10-26 23:38:58'),
(76, 15, 'sabado', 1, '2025-10-26 23:38:58', '2025-10-26 23:38:58'),
(77, 15, 'domingo', 1, '2025-10-26 23:38:58', '2025-10-26 23:38:58'),
(78, 16, 'segunda', 1, '2025-10-26 23:38:58', '2025-10-26 23:38:58'),
(79, 16, 'terca', 1, '2025-10-26 23:38:58', '2025-10-26 23:38:58'),
(80, 16, 'quarta', 1, '2025-10-26 23:38:58', '2025-10-26 23:38:58'),
(81, 16, 'quinta', 1, '2025-10-26 23:38:58', '2025-10-26 23:38:58'),
(82, 16, 'sexta', 1, '2025-10-26 23:38:58', '2025-10-26 23:38:58'),
(83, 16, 'sabado', 1, '2025-10-26 23:38:58', '2025-10-26 23:38:58'),
(84, 16, 'domingo', 1, '2025-10-26 23:38:58', '2025-10-26 23:38:58'),
(85, 10, 'quinta', 1, '2025-10-29 00:21:48', '2025-10-29 00:21:48'),
(86, 8, 'quarta', 1, '2025-10-29 00:26:53', '2025-10-29 00:26:53'),
(87, 6, 'quarta', 1, '2025-10-29 00:26:54', '2025-10-29 00:26:54'),
(88, 17, 'segunda', 1, '2025-11-03 17:58:07', '2025-11-03 17:58:07'),
(89, 17, 'terca', 1, '2025-11-03 17:58:07', '2025-11-03 17:58:07'),
(90, 17, 'quarta', 1, '2025-11-03 17:58:07', '2025-11-03 17:58:07'),
(91, 17, 'quinta', 1, '2025-11-03 17:58:07', '2025-11-03 17:58:07'),
(92, 17, 'sexta', 1, '2025-11-03 17:58:07', '2025-11-03 17:58:07'),
(93, 17, 'sabado', 1, '2025-11-03 17:58:07', '2025-11-03 17:58:07'),
(94, 17, 'domingo', 1, '2025-11-03 17:58:07', '2025-11-03 17:58:07'),
(95, 18, 'segunda', 1, '2025-11-03 18:00:00', '2025-11-03 18:00:00'),
(96, 18, 'terca', 1, '2025-11-03 18:00:00', '2025-11-03 18:00:00'),
(97, 18, 'quarta', 1, '2025-11-03 18:00:00', '2025-11-03 18:00:00'),
(98, 18, 'quinta', 1, '2025-11-03 18:00:00', '2025-11-03 18:00:00'),
(99, 18, 'sexta', 1, '2025-11-03 18:00:00', '2025-11-03 18:00:00'),
(100, 18, 'sabado', 1, '2025-11-03 18:00:00', '2025-11-03 18:00:00'),
(101, 18, 'domingo', 1, '2025-11-03 18:00:00', '2025-11-03 18:00:00'),
(102, 19, 'segunda', 1, '2025-11-05 15:52:13', '2025-11-05 15:52:13'),
(103, 19, 'terca', 1, '2025-11-05 15:52:13', '2025-11-05 15:52:13'),
(104, 19, 'quarta', 1, '2025-11-05 15:52:13', '2025-11-05 15:52:13'),
(105, 19, 'quinta', 1, '2025-11-05 15:52:13', '2025-11-05 15:52:13'),
(106, 19, 'sexta', 1, '2025-11-05 15:52:13', '2025-11-05 15:52:13'),
(107, 19, 'sabado', 1, '2025-11-05 15:52:13', '2025-11-05 15:52:13'),
(108, 19, 'domingo', 1, '2025-11-05 15:52:13', '2025-11-05 15:52:13'),
(109, 20, 'segunda', 1, '2025-11-05 16:02:08', '2025-11-05 16:02:08'),
(110, 20, 'terca', 1, '2025-11-05 16:02:08', '2025-11-05 16:02:08'),
(111, 20, 'quarta', 1, '2025-11-05 16:02:08', '2025-11-05 16:02:08'),
(112, 20, 'quinta', 1, '2025-11-05 16:02:08', '2025-11-05 16:02:08'),
(113, 20, 'sexta', 1, '2025-11-05 16:02:08', '2025-11-05 16:02:08'),
(114, 20, 'sabado', 1, '2025-11-05 16:02:08', '2025-11-05 16:02:08'),
(115, 20, 'domingo', 1, '2025-11-05 16:02:08', '2025-11-05 16:02:08'),
(116, 21, 'segunda', 1, '2025-11-05 17:40:40', '2025-11-05 17:40:40'),
(117, 21, 'terca', 1, '2025-11-05 17:40:40', '2025-11-05 17:40:40'),
(118, 21, 'quarta', 1, '2025-11-05 17:40:40', '2025-11-05 17:40:40'),
(119, 21, 'quinta', 1, '2025-11-05 17:40:40', '2025-11-05 17:40:40'),
(120, 21, 'sexta', 1, '2025-11-05 17:40:40', '2025-11-05 17:40:40'),
(121, 21, 'sabado', 1, '2025-11-05 17:40:40', '2025-11-05 17:40:40'),
(122, 21, 'domingo', 1, '2025-11-05 17:40:40', '2025-11-05 17:40:40'),
(123, 22, 'segunda', 1, '2025-11-05 17:44:11', '2025-11-05 17:44:11'),
(124, 22, 'terca', 1, '2025-11-05 17:44:11', '2025-11-05 17:44:11'),
(125, 22, 'quarta', 1, '2025-11-05 17:44:11', '2025-11-05 17:44:11'),
(126, 22, 'quinta', 1, '2025-11-05 17:44:11', '2025-11-05 17:44:11'),
(127, 22, 'sexta', 1, '2025-11-05 17:44:11', '2025-11-05 17:44:11'),
(128, 22, 'sabado', 1, '2025-11-05 17:44:11', '2025-11-05 17:44:11'),
(129, 22, 'domingo', 1, '2025-11-05 17:44:11', '2025-11-05 17:44:11'),
(130, 23, 'segunda', 1, '2025-11-05 19:59:41', '2025-11-05 19:59:41'),
(131, 23, 'terca', 1, '2025-11-05 19:59:41', '2025-11-05 19:59:41'),
(132, 23, 'quarta', 1, '2025-11-05 19:59:41', '2025-11-05 19:59:41'),
(133, 23, 'quinta', 1, '2025-11-05 19:59:41', '2025-11-05 19:59:41'),
(134, 23, 'sexta', 1, '2025-11-05 19:59:41', '2025-11-05 19:59:41'),
(135, 23, 'sabado', 1, '2025-11-05 19:59:41', '2025-11-05 19:59:41'),
(136, 23, 'domingo', 1, '2025-11-05 19:59:41', '2025-11-05 19:59:41'),
(137, 24, 'segunda', 1, '2025-11-05 20:00:17', '2025-11-05 20:00:17'),
(138, 24, 'terca', 1, '2025-11-05 20:00:17', '2025-11-05 20:00:17'),
(139, 24, 'quarta', 1, '2025-11-05 20:00:17', '2025-11-05 20:00:17'),
(140, 24, 'quinta', 1, '2025-11-05 20:00:17', '2025-11-05 20:00:17'),
(141, 24, 'sexta', 1, '2025-11-05 20:00:17', '2025-11-05 20:00:17'),
(142, 24, 'sabado', 1, '2025-11-05 20:00:17', '2025-11-05 20:00:17'),
(143, 24, 'domingo', 1, '2025-11-05 20:00:17', '2025-11-05 20:00:17'),
(144, 25, 'segunda', 1, '2025-11-05 20:06:34', '2025-11-05 20:06:34'),
(145, 25, 'terca', 1, '2025-11-05 20:06:34', '2025-11-05 20:06:34'),
(146, 25, 'quarta', 1, '2025-11-05 20:06:34', '2025-11-05 20:06:34'),
(147, 25, 'quinta', 1, '2025-11-05 20:06:34', '2025-11-05 20:06:34'),
(148, 25, 'sexta', 1, '2025-11-05 20:06:34', '2025-11-05 20:06:34'),
(149, 25, 'sabado', 1, '2025-11-05 20:06:34', '2025-11-05 20:06:34'),
(150, 25, 'domingo', 1, '2025-11-05 20:06:34', '2025-11-05 20:06:34'),
(151, 26, 'segunda', 1, '2025-11-05 20:08:12', '2025-11-05 20:08:12'),
(152, 26, 'terca', 1, '2025-11-05 20:08:12', '2025-11-05 20:08:12'),
(153, 26, 'quarta', 1, '2025-11-05 20:08:12', '2025-11-05 20:08:12'),
(154, 26, 'quinta', 1, '2025-11-05 20:08:12', '2025-11-05 20:08:12'),
(155, 26, 'sexta', 1, '2025-11-05 20:08:12', '2025-11-05 20:08:12'),
(156, 26, 'sabado', 1, '2025-11-05 20:08:12', '2025-11-05 20:08:12'),
(157, 26, 'domingo', 1, '2025-11-05 20:08:12', '2025-11-05 20:08:12'),
(158, 27, 'segunda', 1, '2025-11-05 20:11:40', '2025-11-05 20:11:40'),
(159, 27, 'terca', 1, '2025-11-05 20:11:40', '2025-11-05 20:11:40'),
(160, 27, 'quarta', 1, '2025-11-05 20:11:40', '2025-11-05 20:11:40'),
(161, 27, 'quinta', 1, '2025-11-05 20:11:40', '2025-11-05 20:11:40'),
(162, 27, 'sexta', 1, '2025-11-05 20:11:40', '2025-11-05 20:11:40'),
(163, 27, 'sabado', 1, '2025-11-05 20:11:40', '2025-11-05 20:11:40'),
(164, 27, 'domingo', 1, '2025-11-05 20:11:40', '2025-11-05 20:11:40'),
(165, 28, 'segunda', 1, '2025-11-05 20:20:48', '2025-11-05 20:20:48'),
(166, 28, 'terca', 1, '2025-11-05 20:20:48', '2025-11-05 20:20:48'),
(167, 28, 'quarta', 1, '2025-11-05 20:20:48', '2025-11-05 20:20:48'),
(168, 28, 'quinta', 1, '2025-11-05 20:20:48', '2025-11-05 20:20:48'),
(169, 28, 'sexta', 1, '2025-11-05 20:20:48', '2025-11-05 20:20:48'),
(170, 28, 'sabado', 1, '2025-11-05 20:20:48', '2025-11-05 20:20:48'),
(171, 28, 'domingo', 1, '2025-11-05 20:20:48', '2025-11-05 20:20:48'),
(172, 29, 'segunda', 1, '2025-11-05 20:46:24', '2025-11-05 20:46:24'),
(173, 29, 'terca', 1, '2025-11-05 20:46:24', '2025-11-05 20:46:24'),
(174, 29, 'quarta', 1, '2025-11-05 20:46:24', '2025-11-05 20:46:24'),
(175, 29, 'quinta', 1, '2025-11-05 20:46:24', '2025-11-05 20:46:24'),
(176, 29, 'sexta', 1, '2025-11-05 20:46:24', '2025-11-05 20:46:24'),
(177, 29, 'sabado', 1, '2025-11-05 20:46:24', '2025-11-05 20:46:24'),
(178, 29, 'domingo', 1, '2025-11-05 20:46:24', '2025-11-05 20:46:24'),
(179, 30, 'segunda', 1, '2025-11-05 20:48:12', '2025-11-05 20:48:12'),
(180, 30, 'terca', 1, '2025-11-05 20:48:12', '2025-11-05 20:48:12'),
(181, 30, 'quarta', 1, '2025-11-05 20:48:12', '2025-11-05 20:48:12'),
(182, 30, 'quinta', 1, '2025-11-05 20:48:12', '2025-11-05 20:48:12'),
(183, 30, 'sexta', 1, '2025-11-05 20:48:12', '2025-11-05 20:48:12'),
(184, 30, 'sabado', 1, '2025-11-05 20:48:12', '2025-11-05 20:48:12'),
(185, 30, 'domingo', 1, '2025-11-05 20:48:12', '2025-11-05 20:48:12'),
(186, 31, 'segunda', 1, '2025-11-05 20:50:06', '2025-11-05 20:50:06'),
(187, 31, 'terca', 1, '2025-11-05 20:50:06', '2025-11-05 20:50:06'),
(188, 31, 'quarta', 1, '2025-11-05 20:50:06', '2025-11-05 20:50:06'),
(189, 31, 'quinta', 1, '2025-11-05 20:50:06', '2025-11-05 20:50:06'),
(190, 31, 'sexta', 1, '2025-11-05 20:50:06', '2025-11-05 20:50:06'),
(191, 31, 'sabado', 1, '2025-11-05 20:50:06', '2025-11-05 20:50:06'),
(192, 31, 'domingo', 1, '2025-11-05 20:50:06', '2025-11-05 20:50:06'),
(193, 32, 'segunda', 1, '2025-11-05 20:53:03', '2025-11-05 20:53:03'),
(194, 32, 'terca', 1, '2025-11-05 20:53:03', '2025-11-05 20:53:03'),
(195, 32, 'quarta', 1, '2025-11-05 20:53:03', '2025-11-05 20:53:03'),
(196, 32, 'quinta', 1, '2025-11-05 20:53:03', '2025-11-05 20:53:03'),
(197, 32, 'sexta', 1, '2025-11-05 20:53:03', '2025-11-05 20:53:03'),
(198, 32, 'sabado', 1, '2025-11-05 20:53:03', '2025-11-05 20:53:03'),
(199, 32, 'domingo', 1, '2025-11-05 20:53:03', '2025-11-05 20:53:03'),
(200, 33, 'segunda', 1, '2025-11-05 21:39:48', '2025-11-05 21:39:48'),
(201, 33, 'terca', 1, '2025-11-05 21:39:48', '2025-11-05 21:39:48'),
(202, 33, 'quarta', 1, '2025-11-05 21:39:48', '2025-11-05 21:39:48'),
(203, 33, 'quinta', 1, '2025-11-05 21:39:48', '2025-11-05 21:39:48'),
(204, 33, 'sexta', 1, '2025-11-05 21:39:48', '2025-11-05 21:39:48'),
(205, 33, 'sabado', 1, '2025-11-05 21:39:48', '2025-11-05 21:39:48'),
(206, 33, 'domingo', 1, '2025-11-05 21:39:48', '2025-11-05 21:39:48'),
(207, 34, 'segunda', 1, '2025-11-06 21:46:08', '2025-11-06 21:46:08'),
(208, 34, 'terca', 1, '2025-11-06 21:46:08', '2025-11-06 21:46:08'),
(209, 34, 'quarta', 1, '2025-11-06 21:46:08', '2025-11-06 21:46:08'),
(210, 34, 'quinta', 1, '2025-11-06 21:46:08', '2025-11-06 21:46:08'),
(211, 34, 'sexta', 1, '2025-11-06 21:46:08', '2025-11-06 21:46:08'),
(212, 34, 'sabado', 1, '2025-11-06 21:46:08', '2025-11-06 21:46:08'),
(213, 34, 'domingo', 1, '2025-11-06 21:46:08', '2025-11-06 21:46:08'),
(214, 35, 'segunda', 1, '2025-11-06 21:48:54', '2025-11-06 21:48:54'),
(215, 35, 'terca', 1, '2025-11-06 21:48:54', '2025-11-06 21:48:54'),
(216, 35, 'quarta', 1, '2025-11-06 21:48:54', '2025-11-06 21:48:54'),
(217, 35, 'quinta', 1, '2025-11-06 21:48:54', '2025-11-06 21:48:54'),
(218, 35, 'sexta', 1, '2025-11-06 21:48:54', '2025-11-06 21:48:54'),
(219, 35, 'sabado', 1, '2025-11-06 21:48:54', '2025-11-06 21:48:54'),
(220, 35, 'domingo', 1, '2025-11-06 21:48:54', '2025-11-06 21:48:54'),
(221, 36, 'segunda', 1, '2025-11-06 21:50:05', '2025-11-06 21:50:05'),
(222, 36, 'terca', 1, '2025-11-06 21:50:05', '2025-11-06 21:50:05'),
(223, 36, 'quarta', 1, '2025-11-06 21:50:05', '2025-11-06 21:50:05'),
(224, 36, 'quinta', 1, '2025-11-06 21:50:05', '2025-11-06 21:50:05'),
(225, 36, 'sexta', 1, '2025-11-06 21:50:05', '2025-11-06 21:50:05'),
(226, 36, 'sabado', 1, '2025-11-06 21:50:05', '2025-11-06 21:50:05'),
(227, 36, 'domingo', 1, '2025-11-06 21:50:05', '2025-11-06 21:50:05'),
(228, 37, 'segunda', 1, '2025-11-06 21:57:22', '2025-11-06 21:57:22'),
(229, 37, 'terca', 1, '2025-11-06 21:57:22', '2025-11-06 21:57:22'),
(230, 37, 'quarta', 1, '2025-11-06 21:57:22', '2025-11-06 21:57:22'),
(231, 37, 'quinta', 1, '2025-11-06 21:57:22', '2025-11-06 21:57:22'),
(232, 37, 'sexta', 1, '2025-11-06 21:57:22', '2025-11-06 21:57:22'),
(233, 37, 'sabado', 1, '2025-11-06 21:57:22', '2025-11-06 21:57:22'),
(234, 37, 'domingo', 1, '2025-11-06 21:57:22', '2025-11-06 21:57:22'),
(235, 38, 'segunda', 1, '2025-11-06 21:58:07', '2025-11-06 21:58:07'),
(236, 38, 'terca', 1, '2025-11-06 21:58:07', '2025-11-06 21:58:07'),
(237, 38, 'quarta', 1, '2025-11-06 21:58:07', '2025-11-06 21:58:07'),
(238, 38, 'quinta', 1, '2025-11-06 21:58:07', '2025-11-06 21:58:07'),
(239, 38, 'sexta', 1, '2025-11-06 21:58:07', '2025-11-06 21:58:07'),
(240, 38, 'sabado', 1, '2025-11-06 21:58:07', '2025-11-06 21:58:07'),
(241, 38, 'domingo', 1, '2025-11-06 21:58:07', '2025-11-06 21:58:07'),
(242, 39, 'segunda', 1, '2025-11-06 21:59:58', '2025-11-06 21:59:58'),
(243, 39, 'terca', 1, '2025-11-06 21:59:58', '2025-11-06 21:59:58'),
(244, 39, 'quarta', 1, '2025-11-06 21:59:58', '2025-11-06 21:59:58'),
(245, 39, 'quinta', 1, '2025-11-06 21:59:58', '2025-11-06 21:59:58'),
(246, 39, 'sexta', 1, '2025-11-06 21:59:58', '2025-11-06 21:59:58'),
(247, 39, 'sabado', 1, '2025-11-06 21:59:58', '2025-11-06 21:59:58'),
(248, 39, 'domingo', 1, '2025-11-06 21:59:58', '2025-11-06 21:59:58'),
(249, 40, 'segunda', 1, '2025-11-07 14:16:53', '2025-11-07 14:16:53'),
(250, 40, 'terca', 1, '2025-11-07 14:16:53', '2025-11-07 14:16:53'),
(251, 40, 'quarta', 1, '2025-11-07 14:16:53', '2025-11-07 14:16:53'),
(252, 40, 'quinta', 1, '2025-11-07 14:16:53', '2025-11-07 14:16:53'),
(253, 40, 'sexta', 1, '2025-11-07 14:16:53', '2025-11-07 14:16:53'),
(254, 40, 'sabado', 1, '2025-11-07 14:16:53', '2025-11-07 14:16:53'),
(255, 40, 'domingo', 1, '2025-11-07 14:16:53', '2025-11-07 14:16:53'),
(256, 41, 'segunda', 1, '2025-11-07 14:27:12', '2025-11-07 14:27:12'),
(257, 41, 'terca', 1, '2025-11-07 14:27:12', '2025-11-07 14:27:12'),
(258, 41, 'quarta', 1, '2025-11-07 14:27:12', '2025-11-07 14:27:12'),
(259, 41, 'quinta', 1, '2025-11-07 14:27:12', '2025-11-07 14:27:12'),
(260, 41, 'sexta', 1, '2025-11-07 14:27:12', '2025-11-07 14:27:12'),
(261, 41, 'sabado', 1, '2025-11-07 14:27:12', '2025-11-07 14:27:12'),
(262, 41, 'domingo', 1, '2025-11-07 14:27:12', '2025-11-07 14:27:12'),
(263, 42, 'segunda', 1, '2025-11-07 17:31:23', '2025-11-07 17:31:23'),
(264, 42, 'terca', 1, '2025-11-07 17:31:23', '2025-11-07 17:31:23'),
(265, 42, 'quarta', 1, '2025-11-07 17:31:23', '2025-11-07 17:31:23'),
(266, 42, 'quinta', 1, '2025-11-07 17:31:23', '2025-11-07 17:31:23'),
(267, 42, 'sexta', 1, '2025-11-07 17:31:23', '2025-11-07 17:31:23'),
(268, 42, 'sabado', 1, '2025-11-07 17:31:23', '2025-11-07 17:31:23'),
(269, 42, 'domingo', 1, '2025-11-07 17:31:23', '2025-11-07 17:31:23'),
(270, 43, 'segunda', 1, '2025-11-07 18:19:25', '2025-11-07 18:19:25'),
(271, 43, 'terca', 1, '2025-11-07 18:19:25', '2025-11-07 18:19:25'),
(272, 43, 'quarta', 1, '2025-11-07 18:19:25', '2025-11-07 18:19:25'),
(273, 43, 'quinta', 1, '2025-11-07 18:19:25', '2025-11-07 18:19:25'),
(274, 43, 'sexta', 1, '2025-11-07 18:19:25', '2025-11-07 18:19:25'),
(275, 43, 'sabado', 1, '2025-11-07 18:19:25', '2025-11-07 18:19:25'),
(276, 43, 'domingo', 1, '2025-11-07 18:19:25', '2025-11-07 18:19:25'),
(277, 44, 'segunda', 1, '2025-11-07 18:23:10', '2025-11-07 18:23:10'),
(278, 44, 'terca', 1, '2025-11-07 18:23:10', '2025-11-07 18:23:10'),
(279, 44, 'quarta', 1, '2025-11-07 18:23:10', '2025-11-07 18:23:10'),
(280, 44, 'quinta', 1, '2025-11-07 18:23:10', '2025-11-07 18:23:10'),
(281, 44, 'sexta', 1, '2025-11-07 18:23:10', '2025-11-07 18:23:10'),
(282, 44, 'sabado', 1, '2025-11-07 18:23:10', '2025-11-07 18:23:10'),
(283, 44, 'domingo', 1, '2025-11-07 18:23:10', '2025-11-07 18:23:10'),
(284, 45, 'segunda', 1, '2025-11-07 18:30:34', '2025-11-07 18:30:34'),
(285, 45, 'terca', 1, '2025-11-07 18:30:34', '2025-11-07 18:30:34'),
(286, 45, 'quarta', 1, '2025-11-07 18:30:34', '2025-11-07 18:30:34'),
(287, 45, 'quinta', 1, '2025-11-07 18:30:34', '2025-11-07 18:30:34'),
(288, 45, 'sexta', 1, '2025-11-07 18:30:34', '2025-11-07 18:30:34'),
(289, 45, 'sabado', 1, '2025-11-07 18:30:34', '2025-11-07 18:30:34'),
(290, 45, 'domingo', 1, '2025-11-07 18:30:34', '2025-11-07 18:30:34'),
(291, 46, 'segunda', 1, '2025-11-07 21:24:27', '2025-11-07 21:24:27'),
(292, 46, 'terca', 1, '2025-11-07 21:24:27', '2025-11-07 21:24:27'),
(293, 46, 'quarta', 1, '2025-11-07 21:24:27', '2025-11-07 21:24:27'),
(294, 46, 'quinta', 1, '2025-11-07 21:24:27', '2025-11-07 21:24:27'),
(295, 46, 'sexta', 1, '2025-11-07 21:24:27', '2025-11-07 21:24:27'),
(296, 46, 'sabado', 1, '2025-11-07 21:24:27', '2025-11-07 21:24:27'),
(297, 46, 'domingo', 1, '2025-11-07 21:24:27', '2025-11-07 21:24:27'),
(298, 47, 'segunda', 1, '2025-11-07 21:36:12', '2025-11-07 21:36:12'),
(299, 47, 'terca', 1, '2025-11-07 21:36:12', '2025-11-07 21:36:12'),
(300, 47, 'quarta', 1, '2025-11-07 21:36:12', '2025-11-07 21:36:12'),
(301, 47, 'quinta', 1, '2025-11-07 21:36:12', '2025-11-07 21:36:12'),
(302, 47, 'sexta', 1, '2025-11-07 21:36:12', '2025-11-07 21:36:12'),
(303, 47, 'sabado', 1, '2025-11-07 21:36:12', '2025-11-07 21:36:12'),
(304, 47, 'domingo', 1, '2025-11-07 21:36:12', '2025-11-07 21:36:12'),
(305, 48, 'segunda', 1, '2025-11-07 21:37:50', '2025-11-07 21:37:50'),
(306, 48, 'terca', 1, '2025-11-07 21:37:50', '2025-11-07 21:37:50'),
(307, 48, 'quarta', 1, '2025-11-07 21:37:50', '2025-11-07 21:37:50'),
(308, 48, 'quinta', 1, '2025-11-07 21:37:50', '2025-11-07 21:37:50'),
(309, 48, 'sexta', 1, '2025-11-07 21:37:50', '2025-11-07 21:37:50'),
(310, 48, 'sabado', 1, '2025-11-07 21:37:50', '2025-11-07 21:37:50'),
(311, 48, 'domingo', 1, '2025-11-07 21:37:50', '2025-11-07 21:37:50'),
(312, 49, 'segunda', 1, '2025-11-08 18:50:30', '2025-11-08 18:50:30'),
(313, 49, 'terca', 1, '2025-11-08 18:50:30', '2025-11-08 18:50:30'),
(314, 49, 'quarta', 1, '2025-11-08 18:50:30', '2025-11-08 18:50:30'),
(315, 49, 'quinta', 1, '2025-11-08 18:50:30', '2025-11-08 18:50:30'),
(316, 49, 'sexta', 1, '2025-11-08 18:50:30', '2025-11-08 18:50:30'),
(317, 49, 'sabado', 1, '2025-11-08 18:50:30', '2025-11-08 18:50:30'),
(318, 49, 'domingo', 1, '2025-11-08 18:50:30', '2025-11-08 18:50:30'),
(319, 50, 'segunda', 1, '2025-11-08 22:13:28', '2025-11-08 22:13:28'),
(320, 50, 'terca', 1, '2025-11-08 22:13:28', '2025-11-08 22:13:28'),
(321, 50, 'quarta', 1, '2025-11-08 22:13:28', '2025-11-08 22:13:28'),
(322, 50, 'quinta', 1, '2025-11-08 22:13:28', '2025-11-08 22:13:28'),
(323, 50, 'sexta', 1, '2025-11-08 22:13:28', '2025-11-08 22:13:28'),
(324, 50, 'sabado', 1, '2025-11-08 22:13:28', '2025-11-08 22:13:28'),
(325, 50, 'domingo', 1, '2025-11-08 22:13:28', '2025-11-08 22:13:28'),
(326, 51, 'segunda', 1, '2025-11-08 22:18:16', '2025-11-08 22:18:16'),
(327, 51, 'terca', 1, '2025-11-08 22:18:16', '2025-11-08 22:18:16'),
(328, 51, 'quarta', 1, '2025-11-08 22:18:16', '2025-11-08 22:18:16'),
(329, 51, 'quinta', 1, '2025-11-08 22:18:16', '2025-11-08 22:18:16'),
(330, 51, 'sexta', 1, '2025-11-08 22:18:16', '2025-11-08 22:18:16'),
(331, 51, 'sabado', 1, '2025-11-08 22:18:16', '2025-11-08 22:18:16'),
(332, 51, 'domingo', 1, '2025-11-08 22:18:16', '2025-11-08 22:18:16'),
(333, 52, 'segunda', 1, '2025-11-09 17:11:07', '2025-11-09 17:11:07'),
(334, 52, 'terca', 1, '2025-11-09 17:11:07', '2025-11-09 17:11:07'),
(335, 52, 'quarta', 1, '2025-11-09 17:11:07', '2025-11-09 17:11:07'),
(336, 52, 'quinta', 1, '2025-11-09 17:11:07', '2025-11-09 17:11:07'),
(337, 52, 'sexta', 1, '2025-11-09 17:11:07', '2025-11-09 17:11:07'),
(338, 52, 'sabado', 1, '2025-11-09 17:11:07', '2025-11-09 17:11:07'),
(339, 52, 'domingo', 1, '2025-11-09 17:11:07', '2025-11-09 17:11:07'),
(340, 53, 'segunda', 1, '2025-11-09 17:27:59', '2025-11-09 17:27:59'),
(341, 53, 'terca', 1, '2025-11-09 17:27:59', '2025-11-09 17:27:59'),
(342, 53, 'quarta', 1, '2025-11-09 17:27:59', '2025-11-09 17:27:59'),
(343, 53, 'quinta', 1, '2025-11-09 17:27:59', '2025-11-09 17:27:59'),
(344, 53, 'sexta', 1, '2025-11-09 17:27:59', '2025-11-09 17:27:59'),
(345, 53, 'sabado', 1, '2025-11-09 17:27:59', '2025-11-09 17:27:59'),
(346, 53, 'domingo', 1, '2025-11-09 17:27:59', '2025-11-09 17:27:59'),
(347, 54, 'segunda', 1, '2025-11-09 17:56:44', '2025-11-09 17:56:44'),
(348, 54, 'terca', 1, '2025-11-09 17:56:44', '2025-11-09 17:56:44'),
(349, 54, 'quarta', 1, '2025-11-09 17:56:44', '2025-11-09 17:56:44'),
(350, 54, 'quinta', 1, '2025-11-09 17:56:44', '2025-11-09 17:56:44'),
(351, 54, 'sexta', 1, '2025-11-09 17:56:44', '2025-11-09 17:56:44'),
(352, 54, 'sabado', 1, '2025-11-09 17:56:44', '2025-11-09 17:56:44'),
(353, 54, 'domingo', 1, '2025-11-09 17:56:44', '2025-11-09 17:56:44'),
(354, 55, 'segunda', 1, '2025-11-09 17:58:49', '2025-11-09 17:58:49'),
(355, 55, 'terca', 1, '2025-11-09 17:58:49', '2025-11-09 17:58:49'),
(356, 55, 'quarta', 1, '2025-11-09 17:58:49', '2025-11-09 17:58:49'),
(357, 55, 'quinta', 1, '2025-11-09 17:58:49', '2025-11-09 17:58:49'),
(358, 55, 'sexta', 1, '2025-11-09 17:58:49', '2025-11-09 17:58:49'),
(359, 55, 'sabado', 1, '2025-11-09 17:58:49', '2025-11-09 17:58:49'),
(360, 55, 'domingo', 1, '2025-11-09 17:58:49', '2025-11-09 17:58:49');

-- --------------------------------------------------------

--
-- Table structure for table `migrations`
--

CREATE TABLE `migrations` (
  `id` int(10) UNSIGNED NOT NULL,
  `migration` varchar(255) NOT NULL,
  `batch` int(11) NOT NULL
) ENGINE=InnoDB DEFAULT CHARSET=utf8mb4 COLLATE=utf8mb4_unicode_ci;

--
-- Dumping data for table `migrations`
--

INSERT INTO `migrations` (`id`, `migration`, `batch`) VALUES
(1, '0001_01_01_000000_create_users_table', 1),
(2, '0001_01_01_000001_create_cache_table', 1),
(3, '0001_01_01_000002_create_jobs_table', 1),
(4, '2025_10_21_193227_create_motoboys_table', 1),
(5, '2025_10_21_193228_create_categories_table', 1),
(6, '2025_10_21_193228_create_products_table', 1),
(7, '2025_10_21_193229_create_menus_table', 1),
(8, '2025_10_21_193230_create_cash_registers_table', 1),
(9, '2025_10_21_193230_create_customers_table', 1),
(10, '2025_10_21_193230_create_tables_table', 1),
(11, '2025_10_21_193231_create_sales_table', 1),
(12, '2025_10_21_193232_create_sale_items_table', 1),
(13, '2025_10_21_193245_create_expenses_table', 1),
(14, '2025_10_21_193300_create_roles_permissions_system', 1),
(15, '2025_10_21_193330_create_custom_auth_tokens_table', 1),
(16, '2025_10_23_174857_add_cash_register_id_to_expenses_table', 1),
(17, '2025_10_24_193005_create_settings_table', 1),
(18, '2025_10_27_192637_create_encomendas_table', 2),
(19, '2025_10_28_182506_add_action_to_user_permission_table', 3),
(20, '2025_10_28_000000_create_encomenda_items_table', 4);

-- --------------------------------------------------------

--
-- Table structure for table `motoboys`
--

CREATE TABLE `motoboys` (
  `id` bigint(20) UNSIGNED NOT NULL,
  `name` varchar(255) NOT NULL,
  `phone` varchar(255) NOT NULL,
  `cpf` varchar(255) DEFAULT NULL,
  `cnh` varchar(255) DEFAULT NULL,
  `placa_veiculo` varchar(255) DEFAULT NULL,
  `active` tinyint(1) NOT NULL DEFAULT 1,
  `created_at` timestamp NULL DEFAULT NULL,
  `updated_at` timestamp NULL DEFAULT NULL,
  `deleted_at` timestamp NULL DEFAULT NULL
) ENGINE=InnoDB DEFAULT CHARSET=utf8mb4 COLLATE=utf8mb4_unicode_ci;

--
-- Dumping data for table `motoboys`
--

INSERT INTO `motoboys` (`id`, `name`, `phone`, `cpf`, `cnh`, `placa_veiculo`, `active`, `created_at`, `updated_at`, `deleted_at`) VALUES
(3, 'Kaíque', '(98) 98408-8985', NULL, NULL, NULL, 1, '2025-10-26 23:38:57', '2025-11-03 20:15:56', NULL),
(6, 'Daniel', '(98) 998461-2504', NULL, NULL, NULL, 1, '2025-11-08 22:32:32', '2025-11-10 18:20:38', NULL);

-- --------------------------------------------------------

--
-- Table structure for table `password_reset_tokens`
--

CREATE TABLE `password_reset_tokens` (
  `email` varchar(255) NOT NULL,
  `token` varchar(255) NOT NULL,
  `created_at` timestamp NULL DEFAULT NULL
) ENGINE=InnoDB DEFAULT CHARSET=utf8mb4 COLLATE=utf8mb4_unicode_ci;

-- --------------------------------------------------------

--
-- Table structure for table `permissions`
--

CREATE TABLE `permissions` (
  `id` bigint(20) UNSIGNED NOT NULL,
  `name` varchar(255) NOT NULL,
  `label` varchar(255) NOT NULL,
  `module` varchar(255) NOT NULL,
  `action` varchar(255) NOT NULL,
  `description` text DEFAULT NULL,
  `created_at` timestamp NULL DEFAULT NULL,
  `updated_at` timestamp NULL DEFAULT NULL
) ENGINE=InnoDB DEFAULT CHARSET=utf8mb4 COLLATE=utf8mb4_unicode_ci;

--
-- Dumping data for table `permissions`
--

INSERT INTO `permissions` (`id`, `name`, `label`, `module`, `action`, `description`, `created_at`, `updated_at`) VALUES
(1, 'users.view', 'Visualizar Usuários', 'users', 'view', NULL, '2025-10-26 23:38:55', '2025-10-26 23:38:55'),
(2, 'users.create', 'Criar Usuários', 'users', 'create', NULL, '2025-10-26 23:38:55', '2025-10-26 23:38:55'),
(3, 'users.edit', 'Editar Usuários', 'users', 'edit', NULL, '2025-10-26 23:38:55', '2025-10-26 23:38:55'),
(4, 'users.delete', 'Excluir Usuários', 'users', 'delete', NULL, '2025-10-26 23:38:55', '2025-10-26 23:38:55'),
(5, 'categories.view', 'Visualizar Categorias', 'categories', 'view', NULL, '2025-10-26 23:38:55', '2025-10-26 23:38:55'),
(6, 'categories.create', 'Criar Categorias', 'categories', 'create', NULL, '2025-10-26 23:38:55', '2025-10-26 23:38:55'),
(7, 'categories.edit', 'Editar Categorias', 'categories', 'edit', NULL, '2025-10-26 23:38:55', '2025-10-26 23:38:55'),
(8, 'categories.delete', 'Excluir Categorias', 'categories', 'delete', NULL, '2025-10-26 23:38:55', '2025-10-26 23:38:55'),
(9, 'products.view', 'Visualizar Produtos', 'products', 'view', NULL, '2025-10-26 23:38:55', '2025-10-26 23:38:55'),
(10, 'products.create', 'Criar Produtos', 'products', 'create', NULL, '2025-10-26 23:38:55', '2025-10-26 23:38:55'),
(11, 'products.edit', 'Editar Produtos', 'products', 'edit', NULL, '2025-10-26 23:38:55', '2025-10-26 23:38:55'),
(12, 'products.delete', 'Excluir Produtos', 'products', 'delete', NULL, '2025-10-26 23:38:55', '2025-10-26 23:38:55'),
(13, 'sales.view', 'Visualizar Vendas', 'sales', 'view', NULL, '2025-10-26 23:38:55', '2025-10-26 23:38:55'),
(14, 'sales.create', 'Criar Vendas', 'sales', 'create', NULL, '2025-10-26 23:38:55', '2025-10-26 23:38:55'),
(15, 'sales.edit', 'Editar Vendas', 'sales', 'edit', NULL, '2025-10-26 23:38:55', '2025-10-26 23:38:55'),
(16, 'sales.delete', 'Excluir Vendas', 'sales', 'delete', NULL, '2025-10-26 23:38:55', '2025-10-26 23:38:55'),
(17, 'sales.cancel', 'Cancelar Vendas', 'sales', 'cancel', NULL, '2025-10-26 23:38:55', '2025-10-26 23:38:55'),
(18, 'sales.update_status', 'Alterar Status de Vendas', 'sales', 'update_status', NULL, '2025-10-26 23:38:55', '2025-10-26 23:38:55'),
(19, 'tables.view', 'Visualizar Mesas', 'tables', 'view', NULL, '2025-10-26 23:38:55', '2025-10-26 23:38:55'),
(20, 'tables.create', 'Criar Mesas', 'tables', 'create', NULL, '2025-10-26 23:38:55', '2025-10-26 23:38:55'),
(21, 'tables.edit', 'Editar Mesas', 'tables', 'edit', NULL, '2025-10-26 23:38:55', '2025-10-26 23:38:55'),
(22, 'tables.delete', 'Excluir Mesas', 'tables', 'delete', NULL, '2025-10-26 23:38:55', '2025-10-26 23:38:55'),
(23, 'motoboys.view', 'Visualizar Motoboys', 'motoboys', 'view', NULL, '2025-10-26 23:38:55', '2025-10-26 23:38:55'),
(24, 'motoboys.create', 'Criar Motoboys', 'motoboys', 'create', NULL, '2025-10-26 23:38:55', '2025-10-26 23:38:55'),
(25, 'motoboys.edit', 'Editar Motoboys', 'motoboys', 'edit', NULL, '2025-10-26 23:38:55', '2025-10-26 23:38:55'),
(26, 'motoboys.delete', 'Excluir Motoboys', 'motoboys', 'delete', NULL, '2025-10-26 23:38:55', '2025-10-26 23:38:55'),
(27, 'customers.view', 'Visualizar Clientes', 'customers', 'view', NULL, '2025-10-26 23:38:55', '2025-10-26 23:38:55'),
(28, 'customers.create', 'Criar Clientes', 'customers', 'create', NULL, '2025-10-26 23:38:55', '2025-10-26 23:38:55'),
(29, 'customers.edit', 'Editar Clientes', 'customers', 'edit', NULL, '2025-10-26 23:38:55', '2025-10-26 23:38:55'),
(30, 'customers.delete', 'Excluir Clientes', 'customers', 'delete', NULL, '2025-10-26 23:38:55', '2025-10-26 23:38:55'),
(31, 'expenses.view', 'Visualizar Despesas', 'expenses', 'view', NULL, '2025-10-26 23:38:55', '2025-10-26 23:38:55'),
(32, 'expenses.create', 'Criar Despesas', 'expenses', 'create', NULL, '2025-10-26 23:38:55', '2025-10-26 23:38:55'),
(33, 'expenses.edit', 'Editar Despesas', 'expenses', 'edit', NULL, '2025-10-26 23:38:55', '2025-10-26 23:38:55'),
(34, 'expenses.delete', 'Excluir Despesas', 'expenses', 'delete', NULL, '2025-10-26 23:38:55', '2025-10-26 23:38:55'),
(35, 'menu.view', 'Visualizar Cardápio', 'menu', 'view', NULL, '2025-10-26 23:38:55', '2025-10-26 23:38:55'),
(36, 'menu.create', 'Gerenciar Cardápio', 'menu', 'create', NULL, '2025-10-26 23:38:55', '2025-10-26 23:38:55'),
(37, 'menu.edit', 'Editar Cardápio', 'menu', 'edit', NULL, '2025-10-26 23:38:55', '2025-10-26 23:38:55'),
(38, 'menu.delete', 'Excluir do Cardápio', 'menu', 'delete', NULL, '2025-10-26 23:38:55', '2025-10-26 23:38:55'),
(39, 'cash_registers.view', 'Visualizar Caixas', 'cash_registers', 'view', NULL, '2025-10-26 23:38:55', '2025-10-26 23:38:55'),
(40, 'cash_registers.create', 'Abrir Caixa', 'cash_registers', 'create', NULL, '2025-10-26 23:38:55', '2025-10-26 23:38:55'),
(41, 'cash_registers.edit', 'Editar Caixa', 'cash_registers', 'edit', NULL, '2025-10-26 23:38:55', '2025-10-26 23:38:55'),
(42, 'cash_registers.close', 'Fechar Caixa', 'cash_registers', 'close', NULL, '2025-10-26 23:38:55', '2025-10-26 23:38:55'),
(43, 'sale_items.view', 'Visualizar Itens de Venda', 'sale_items', 'view', NULL, '2025-10-26 23:38:55', '2025-10-26 23:38:55'),
(44, 'sale_items.create', 'Criar Itens de Venda', 'sale_items', 'create', NULL, '2025-10-26 23:38:55', '2025-10-26 23:38:55'),
(45, 'sale_items.edit', 'Editar Itens de Venda', 'sale_items', 'edit', NULL, '2025-10-26 23:38:55', '2025-10-26 23:38:55'),
(46, 'sale_items.delete', 'Excluir Itens de Venda', 'sale_items', 'delete', NULL, '2025-10-26 23:38:55', '2025-10-26 23:38:55'),
(47, 'expense_categories.view', 'Visualizar Categorias de Despesa', 'expense_categories', 'view', NULL, '2025-10-26 23:38:55', '2025-10-26 23:38:55'),
(48, 'expense_categories.create', 'Criar Categorias de Despesa', 'expense_categories', 'create', NULL, '2025-10-26 23:38:55', '2025-10-26 23:38:55'),
(49, 'expense_categories.edit', 'Editar Categorias de Despesa', 'expense_categories', 'edit', NULL, '2025-10-26 23:38:55', '2025-10-26 23:38:55'),
(50, 'expense_categories.delete', 'Excluir Categorias de Despesa', 'expense_categories', 'delete', NULL, '2025-10-26 23:38:55', '2025-10-26 23:38:55'),
(51, 'reports.view', 'Visualizar Relatórios', 'reports', 'view', NULL, '2025-10-26 23:38:55', '2025-10-26 23:38:55'),
(52, 'analytics.view', 'Visualizar Estatísticas', 'analytics', 'view', NULL, '2025-10-26 23:38:55', '2025-10-26 23:38:55'),
(53, 'settings.view', 'Visualizar Configurações', 'settings', 'view', NULL, '2025-10-26 23:38:55', '2025-10-26 23:38:55'),
(54, 'settings.edit', 'Editar Configurações', 'settings', 'edit', NULL, '2025-10-26 23:38:55', '2025-10-26 23:38:55');

-- --------------------------------------------------------

--
-- Table structure for table `products`
--

CREATE TABLE `products` (
  `id` bigint(20) UNSIGNED NOT NULL,
  `category_id` bigint(20) UNSIGNED NOT NULL,
  `name` varchar(255) NOT NULL,
  `description` text DEFAULT NULL,
  `price` decimal(10,2) NOT NULL,
  `cost_price` decimal(10,2) DEFAULT NULL,
  `image` varchar(255) DEFAULT NULL,
  `active` tinyint(1) NOT NULL DEFAULT 1,
  `created_at` timestamp NULL DEFAULT NULL,
  `updated_at` timestamp NULL DEFAULT NULL,
  `deleted_at` timestamp NULL DEFAULT NULL
) ENGINE=InnoDB DEFAULT CHARSET=utf8mb4 COLLATE=utf8mb4_unicode_ci;

--
-- Dumping data for table `products`
--

INSERT INTO `products` (`id`, `category_id`, `name`, `description`, `price`, `cost_price`, `image`, `active`, `created_at`, `updated_at`, `deleted_at`) VALUES
(1, 1, 'Fatia Matilda', 'Bolo fofinho massa de chocolatuda recheio de chocolate cobertura amarga', 17.00, 15.00, NULL, 1, '2025-10-26 23:38:57', '2025-10-30 14:22:40', NULL),
(2, 1, 'Bolo de Baunilha', 'Bolo clássico de baunilha com recheio de doce de leite', 40.00, 12.00, NULL, 1, '2025-10-26 23:38:57', '2025-11-05 15:42:14', '2025-11-05 15:42:14'),
(3, 1, 'Fatia Casadinho', 'Fatia de massa branca com brigadeiro branco e chocolate', 17.00, 15.00, NULL, 1, '2025-10-26 23:38:57', '2025-11-03 20:11:03', NULL),
(4, 2, 'Fatia Abacaxi com Coco', 'Fatia massa branca com recheio de beijinho e abacaxi com cobertura brigadeiro branco', 19.00, 25.00, NULL, 1, '2025-10-26 23:38:57', '2025-11-03 20:10:50', NULL),
(5, 1, 'Fatia Chocolatuda', 'Fatia Chocolatuda', 17.00, 15.00, 'products/LMODb9SrNNh7NGtXpQYp7Ri2Yiyh6YpeXs0J3cgk.jpg', 1, '2025-10-26 23:38:57', '2025-11-07 18:25:36', NULL),
(6, 3, 'Brigadeiro Gourmet', 'Brigadeiro tradicional com chocolate belga (100 unidades)', 80.00, 25.00, NULL, 1, '2025-10-26 23:38:57', '2025-11-04 18:24:17', '2025-11-04 18:24:17'),
(7, 3, 'Beijinho', 'Beijinho com coco ralado (100 unidades)', 70.00, 20.00, NULL, 1, '2025-10-26 23:38:57', '2025-11-04 18:24:00', '2025-11-04 18:24:00'),
(8, 3, 'Casadinho', 'Dois biscoitos com recheio de doce de leite (100 unidades)', 75.00, 22.00, NULL, 1, '2025-10-26 23:38:57', '2025-11-05 15:39:28', '2025-11-05 15:39:28'),
(9, 4, 'Torta de Limão', 'Torta com mousse de limão e merengue', 50.00, 18.00, NULL, 1, '2025-10-26 23:38:57', '2025-11-05 15:41:59', '2025-11-05 15:41:59'),
(10, 4, 'Torta de Maçã', 'Torta americana de maçã com canela', 48.00, 16.00, NULL, 1, '2025-10-26 23:38:57', '2025-11-05 15:42:33', '2025-11-05 15:42:33'),
(11, 5, 'Pão Francês', 'Pão francês tradicional (unidade)', 1.50, 0.40, NULL, 1, '2025-10-26 23:38:57', '2025-10-30 19:45:49', '2025-10-30 19:45:49'),
(12, 5, 'Pão de Leite', 'Pão macio com leite (unidade)', 2.00, 0.60, NULL, 1, '2025-10-26 23:38:57', '2025-10-30 19:45:42', '2025-10-30 19:45:42'),
(13, 6, 'Coxinha de Frango', 'Coxinha de frango com catupiry', 14.00, 10.00, NULL, 1, '2025-10-26 23:38:57', '2025-11-03 20:11:32', NULL),
(14, 6, 'Esfiha de Carne', 'Esfiha de carne moída (100 unidades)', 100.00, 35.00, NULL, 0, '2025-10-26 23:38:57', '2025-11-04 18:23:07', '2025-11-04 18:23:07'),
(15, 7, 'Refrigerante Coca-Cola', 'Refrigerante Coca-Cola 2L', 8.00, 4.50, 'products/lTvFrA6gVTz2CHcRYo1pRfMXepuvYWVsQa7n8pSB.png', 1, '2025-10-26 23:38:57', '2025-11-02 02:42:37', NULL),
(16, 7, 'Suco Natural de Laranja', 'Suco de laranja natural 1L', 10.00, 6.00, NULL, 1, '2025-10-26 23:38:57', '2025-11-05 15:45:04', NULL),
(17, 9, 'Copo Pudim com Bombom Sonho de Valsa', NULL, 20.00, 18.00, 'products/KbSsftJhA5b7kUXQ975v05nSxdYjCfr4QQGpH8nv.jpg', 1, '2025-11-03 17:58:07', '2025-11-10 18:10:18', NULL),
(18, 9, 'Copo Ferrero Rocher', NULL, 19.00, NULL, NULL, 1, '2025-11-03 18:00:00', '2025-11-03 18:00:00', NULL),
(19, 9, 'Copo Pudim com Brownie', NULL, 20.00, 18.00, 'products/a0oQXIbsU8P8SMDGk2xaryLHvm9PDIynAx2j6X67.jpg', 1, '2025-11-05 15:52:13', '2025-11-10 18:10:50', NULL),
(20, 9, 'Copo Pedacinho do Céu', NULL, 20.00, NULL, 'products/I90Dy9oUrkRuczoLPYLMWEZywgFVtGgZJ2BjOZdC.jpg', 1, '2025-11-05 16:02:08', '2025-11-10 18:10:10', NULL),
(21, 2, 'Fatia Ninho com Nutella', NULL, 19.00, 18.00, NULL, 1, '2025-11-05 17:40:40', '2025-11-10 18:13:12', NULL),
(22, 8, 'Caseirão G', 'Massa de Chocolate ,cobertura casadinho', 48.00, NULL, NULL, 1, '2025-11-05 17:44:11', '2025-11-05 20:04:24', NULL),
(23, 10, 'Brownie  sem Recheio', NULL, 4.00, 3.00, NULL, 1, '2025-11-05 19:59:41', '2025-11-05 19:59:41', NULL),
(24, 10, 'Brownie com Recheio', NULL, 8.00, 5.00, NULL, 1, '2025-11-05 20:00:17', '2025-11-10 18:03:32', NULL),
(25, 8, 'Caserinho P', 'Massa De Chocolate,cobertura de Chocolate', 37.00, 35.00, NULL, 1, '2025-11-05 20:06:34', '2025-11-05 20:06:34', NULL),
(26, 8, 'Caserinho M', 'Massa De Chocolate,cobertura Casadinhos', 40.00, NULL, NULL, 1, '2025-11-05 20:08:12', '2025-11-05 20:08:12', NULL),
(27, 8, 'Caserinho Baby', 'Massa branca , cobertura casadinho', 22.00, NULL, NULL, 1, '2025-11-05 20:11:40', '2025-11-05 20:11:40', NULL),
(28, 6, 'Bolinha de Queijo', 'Bolinha de queijo com orégano', 2.00, NULL, NULL, 1, '2025-11-05 20:20:48', '2025-11-10 18:04:11', NULL),
(29, 9, 'Copo Delícia de Abacaxi', 'Calda de abacaxi com combinação de creme branco', 19.00, 18.00, NULL, 1, '2025-11-05 20:46:24', '2025-11-10 18:05:27', NULL),
(30, 11, 'Pudim', NULL, 10.00, 8.00, NULL, 1, '2025-11-05 20:48:12', '2025-11-05 20:48:12', NULL),
(31, 8, 'Mini Caserinho', NULL, 8.00, 7.00, NULL, 1, '2025-11-05 20:50:06', '2025-11-05 20:50:06', NULL),
(32, 12, 'Chocolate Quente', NULL, 13.00, NULL, NULL, 1, '2025-11-05 20:53:03', '2025-11-05 20:53:03', NULL),
(33, 2, 'Fatia abacaxi com Doce de Leite', NULL, 19.00, NULL, NULL, 1, '2025-11-05 21:39:48', '2025-11-05 21:39:48', NULL),
(34, 6, 'Sanduíche Natural', NULL, 12.00, NULL, NULL, 1, '2025-11-06 21:46:08', '2025-11-10 18:13:42', NULL),
(35, 12, 'Cappucino', NULL, 15.00, NULL, NULL, 1, '2025-11-06 21:48:54', '2025-11-06 21:48:54', NULL),
(36, 6, 'Enrolado de Salsicha', NULL, 10.00, NULL, NULL, 1, '2025-11-06 21:50:05', '2025-11-10 18:12:37', NULL),
(37, 13, 'Combo Mini', NULL, 15.00, NULL, NULL, 1, '2025-11-06 21:57:22', '2025-11-07 18:21:20', NULL),
(38, 13, 'Kit Festa', 'Coca Lata \r\nFatia \r\n10 bolinhas', 32.00, NULL, NULL, 1, '2025-11-06 21:58:07', '2025-11-06 21:58:07', NULL),
(39, 6, 'Empada Gratinada', NULL, 14.00, NULL, NULL, 1, '2025-11-06 21:59:58', '2025-11-06 21:59:58', NULL),
(40, 9, 'Copo Ferreiro Rocher', NULL, 19.00, 18.00, NULL, 1, '2025-11-07 14:16:53', '2025-11-07 14:16:53', NULL),
(41, 2, 'Fatia Ninho com Morangos', NULL, 19.00, 18.00, NULL, 1, '2025-11-07 14:27:12', '2025-11-10 18:11:16', NULL),
(42, 12, 'Café Curto', NULL, 5.00, 3.00, NULL, 1, '2025-11-07 17:31:23', '2025-11-10 18:03:53', NULL),
(43, 13, 'Combo Mine', 'Mine caseirinho, 5 Bolinhas de Queijo,1 refri de 200ml', 15.00, 14.00, NULL, 1, '2025-11-07 18:19:25', '2025-11-07 18:21:30', '2025-11-07 18:21:30'),
(44, 1, 'Fatia Chocolatuda', NULL, 17.00, 16.00, NULL, 1, '2025-11-07 18:23:10', '2025-11-07 18:24:35', '2025-11-07 18:24:35'),
(45, 1, 'Fatia Chocolatuda', NULL, 17.00, 16.00, NULL, 1, '2025-11-07 18:30:34', '2025-11-07 18:30:34', NULL),
(46, 7, 'Coca-Cola Zero 1L', NULL, 12.00, 10.00, NULL, 1, '2025-11-07 21:24:27', '2025-11-10 18:04:32', NULL),
(47, 7, 'Agua sem Gás', NULL, 5.00, 4.00, 'products/rrZgeNlokODPYidfvK8cvSbr4aiHfdpEF98f09ka.png', 1, '2025-11-07 21:36:12', '2025-11-10 18:17:47', NULL),
(48, 6, 'Enrolado de Salsicha', NULL, 10.00, 9.00, NULL, 1, '2025-11-07 21:37:50', '2025-11-10 18:12:44', NULL),
(49, 9, 'Copo Pudim com Brownie e Morangos', NULL, 20.00, 19.00, NULL, 1, '2025-11-08 18:50:30', '2025-11-10 18:10:35', NULL),
(50, 7, 'Refrigerante 200ml', NULL, 3.50, 2.00, NULL, 1, '2025-11-08 22:13:28', '2025-11-10 18:11:59', NULL),
(51, 12, 'Afogatto', NULL, 15.80, 14.00, NULL, 1, '2025-11-08 22:18:16', '2025-11-10 18:03:42', NULL),
(52, 7, 'Agua com Gás', NULL, 5.00, 4.00, 'products/bG1hMyTESLHyufwohhExDq5hvYd3qbTHNZpNix49.png', 1, '2025-11-09 17:11:07', '2025-11-10 18:17:37', NULL),
(53, 9, 'Copo Pudim com Brownie e Morangos', NULL, 20.00, 19.00, NULL, 1, '2025-11-09 17:27:59', '2025-11-10 18:10:44', NULL),
(54, 1, 'Fatia de Cenoura com Chocolate', NULL, 17.00, 16.00, NULL, 1, '2025-11-09 17:56:44', '2025-11-10 18:12:08', NULL),
(55, 9, 'Copo Oreo', NULL, 19.00, 17.00, NULL, 1, '2025-11-09 17:58:49', '2025-11-09 17:58:49', NULL);

-- --------------------------------------------------------

--
-- Table structure for table `roles`
--

CREATE TABLE `roles` (
  `id` bigint(20) UNSIGNED NOT NULL,
  `name` varchar(255) NOT NULL,
  `label` varchar(255) NOT NULL,
  `description` text DEFAULT NULL,
  `default_permissions` longtext CHARACTER SET utf8mb4 COLLATE utf8mb4_bin DEFAULT NULL CHECK (json_valid(`default_permissions`)),
  `created_at` timestamp NULL DEFAULT NULL,
  `updated_at` timestamp NULL DEFAULT NULL
) ENGINE=InnoDB DEFAULT CHARSET=utf8mb4 COLLATE=utf8mb4_unicode_ci;

--
-- Dumping data for table `roles`
--

INSERT INTO `roles` (`id`, `name`, `label`, `description`, `default_permissions`, `created_at`, `updated_at`) VALUES
(1, 'admin', 'Administrador', 'Acesso total a todas as funcionalidades do sistema', NULL, '2025-10-26 23:38:55', '2025-10-26 23:38:55'),
(2, 'gestor', 'Gerente', 'Gerenciamento completo do negócio exceto usuários', NULL, '2025-10-26 23:38:55', '2025-10-26 23:38:55'),
(3, 'atendente', 'Atendente', 'Acesso básico para operações do dia a dia', NULL, '2025-10-26 23:38:57', '2025-10-26 23:38:57');

-- --------------------------------------------------------

--
-- Table structure for table `role_permission`
--

CREATE TABLE `role_permission` (
  `id` bigint(20) UNSIGNED NOT NULL,
  `role_id` bigint(20) UNSIGNED NOT NULL,
  `permission_id` bigint(20) UNSIGNED NOT NULL,
  `created_at` timestamp NULL DEFAULT NULL,
  `updated_at` timestamp NULL DEFAULT NULL
) ENGINE=InnoDB DEFAULT CHARSET=utf8mb4 COLLATE=utf8mb4_unicode_ci;

--
-- Dumping data for table `role_permission`
--

INSERT INTO `role_permission` (`id`, `role_id`, `permission_id`, `created_at`, `updated_at`) VALUES
(1, 2, 5, NULL, NULL),
(2, 2, 6, NULL, NULL),
(3, 2, 7, NULL, NULL),
(4, 2, 8, NULL, NULL),
(5, 2, 9, NULL, NULL),
(6, 2, 10, NULL, NULL),
(7, 2, 11, NULL, NULL),
(8, 2, 12, NULL, NULL),
(9, 2, 13, NULL, NULL),
(10, 2, 14, NULL, NULL),
(11, 2, 15, NULL, NULL),
(12, 2, 16, NULL, NULL),
(13, 2, 17, NULL, NULL),
(14, 2, 18, NULL, NULL),
(15, 2, 19, NULL, NULL),
(16, 2, 20, NULL, NULL),
(17, 2, 21, NULL, NULL),
(18, 2, 22, NULL, NULL),
(19, 2, 23, NULL, NULL),
(20, 2, 24, NULL, NULL),
(21, 2, 25, NULL, NULL),
(22, 2, 26, NULL, NULL),
(23, 2, 27, NULL, NULL),
(24, 2, 28, NULL, NULL),
(25, 2, 29, NULL, NULL),
(26, 2, 30, NULL, NULL),
(27, 2, 31, NULL, NULL),
(28, 2, 32, NULL, NULL),
(29, 2, 33, NULL, NULL),
(30, 2, 34, NULL, NULL),
(31, 2, 35, NULL, NULL),
(32, 2, 36, NULL, NULL),
(33, 2, 37, NULL, NULL),
(34, 2, 38, NULL, NULL),
(35, 2, 39, NULL, NULL),
(36, 2, 40, NULL, NULL),
(37, 2, 41, NULL, NULL),
(38, 2, 42, NULL, NULL),
(39, 2, 43, NULL, NULL),
(40, 2, 44, NULL, NULL),
(41, 2, 45, NULL, NULL),
(42, 2, 46, NULL, NULL),
(43, 2, 51, NULL, NULL),
(44, 2, 52, NULL, NULL),
(45, 2, 53, NULL, NULL),
(46, 3, 14, NULL, NULL),
(47, 3, 13, NULL, NULL),
(48, 3, 15, NULL, NULL),
(49, 3, 17, NULL, NULL),
(50, 3, 18, NULL, NULL),
(51, 3, 19, NULL, NULL),
(52, 3, 21, NULL, NULL),
(53, 3, 27, NULL, NULL),
(54, 3, 28, NULL, NULL),
(55, 3, 29, NULL, NULL),
(56, 3, 23, NULL, NULL),
(57, 3, 35, NULL, NULL),
(58, 3, 44, NULL, NULL),
(59, 3, 45, NULL, NULL),
(60, 3, 46, NULL, NULL),
(61, 3, 32, NULL, NULL),
(62, 3, 31, NULL, NULL),
(63, 3, 51, NULL, NULL);

-- --------------------------------------------------------

--
-- Table structure for table `sales`
--

CREATE TABLE `sales` (
  `id` bigint(20) UNSIGNED NOT NULL,
  `cash_register_id` bigint(20) UNSIGNED NOT NULL,
  `user_id` bigint(20) UNSIGNED NOT NULL,
  `customer_id` bigint(20) UNSIGNED DEFAULT NULL,
  `table_id` bigint(20) UNSIGNED DEFAULT NULL,
  `motoboy_id` bigint(20) UNSIGNED DEFAULT NULL,
  `code` varchar(255) NOT NULL,
  `type` enum('balcao','delivery','encomenda') NOT NULL DEFAULT 'balcao',
  `status` enum('pendente','em_preparo','pronto','saiu_entrega','entregue','cancelado','finalizado') NOT NULL DEFAULT 'pendente',
  `subtotal` decimal(10,2) NOT NULL,
  `discount` decimal(10,2) NOT NULL DEFAULT 0.00,
  `delivery_fee` decimal(10,2) NOT NULL DEFAULT 0.00,
  `total` decimal(10,2) NOT NULL,
  `payment_method` enum('dinheiro','cartao_credito','cartao_debito','pix','transferencia') DEFAULT NULL,
  `delivery_date` date DEFAULT NULL,
  `delivery_time` time DEFAULT NULL,
  `notes` text DEFAULT NULL,
  `delivery_address` text DEFAULT NULL,
  `created_at` timestamp NULL DEFAULT NULL,
  `updated_at` timestamp NULL DEFAULT NULL,
  `deleted_at` timestamp NULL DEFAULT NULL
) ENGINE=InnoDB DEFAULT CHARSET=utf8mb4 COLLATE=utf8mb4_unicode_ci;

--
-- Dumping data for table `sales`
--

INSERT INTO `sales` (`id`, `cash_register_id`, `user_id`, `customer_id`, `table_id`, `motoboy_id`, `code`, `type`, `status`, `subtotal`, `discount`, `delivery_fee`, `total`, `payment_method`, `delivery_date`, `delivery_time`, `notes`, `delivery_address`, `created_at`, `updated_at`, `deleted_at`) VALUES
(22, 4, 2, NULL, NULL, NULL, 'VEN-6908ED4463196', 'balcao', 'finalizado', 20.00, 0.00, 0.00, 20.00, 'pix', NULL, NULL, NULL, NULL, '2025-11-03 17:58:28', '2025-11-03 17:58:28', NULL),
(23, 4, 2, NULL, NULL, NULL, 'VEN-6908EDD0F00BD', 'balcao', 'finalizado', 19.00, 0.00, 0.00, 19.00, 'pix', NULL, NULL, NULL, NULL, '2025-11-03 18:00:48', '2025-11-03 18:00:48', NULL),
(29, 5, 2, NULL, NULL, NULL, 'VEN-690B8BE394826', 'balcao', 'finalizado', 34.00, 0.00, 0.00, 34.00, 'pix', NULL, NULL, NULL, NULL, '2025-11-05 17:39:47', '2025-11-05 17:39:47', NULL),
(30, 5, 2, NULL, NULL, NULL, 'VEN-690B8C3F43C25', 'balcao', 'finalizado', 19.00, 0.00, 0.00, 19.00, 'cartao_credito', NULL, NULL, NULL, NULL, '2025-11-05 17:41:19', '2025-11-05 17:41:19', NULL),
(31, 5, 2, NULL, NULL, NULL, 'VEN-690BB8A80FC1D', 'balcao', 'finalizado', 32.00, 0.00, 0.00, 32.00, 'dinheiro', NULL, NULL, NULL, NULL, '2025-11-05 20:50:48', '2025-11-05 20:50:48', NULL),
(32, 5, 2, NULL, NULL, 3, 'VEN-690BBA1A0ED22', 'delivery', 'entregue', 30.00, 0.00, 7.00, 37.00, 'pix', NULL, NULL, NULL, 'Costa Arçagy', '2025-11-05 20:56:58', '2025-11-06 20:32:01', NULL),
(33, 5, 2, NULL, NULL, 3, 'VEN-690BBB3A8FF67', 'delivery', 'entregue', 8.00, 0.00, 7.00, 15.00, 'cartao_credito', NULL, NULL, NULL, 'av norte n8', '2025-11-05 21:01:46', '2025-11-06 20:31:55', NULL),
(34, 5, 2, NULL, NULL, NULL, 'VEN-690BBD1086E92', 'balcao', 'finalizado', 8.00, 0.00, 0.00, 8.00, 'cartao_debito', NULL, NULL, NULL, NULL, '2025-11-05 21:09:36', '2025-11-05 21:09:36', NULL),
(35, 5, 2, NULL, 4, NULL, 'VEN-690BBDB59B24D', 'balcao', 'finalizado', 20.00, 0.00, 0.00, 20.00, 'cartao_debito', NULL, NULL, NULL, NULL, '2025-11-05 21:12:21', '2025-11-05 21:13:10', NULL),
(36, 5, 2, NULL, NULL, NULL, 'VEN-690BC3BE3CC98', 'balcao', 'finalizado', 36.00, 0.00, 0.00, 36.00, 'cartao_credito', NULL, NULL, NULL, NULL, '2025-11-05 21:38:06', '2025-11-05 21:38:06', NULL),
(37, 5, 2, NULL, NULL, NULL, 'VEN-690BC72E8F037', 'balcao', 'finalizado', 19.00, 0.00, 0.00, 19.00, 'cartao_debito', NULL, NULL, NULL, NULL, '2025-11-05 21:52:46', '2025-11-05 21:52:46', NULL),
(38, 5, 2, NULL, NULL, NULL, 'VEN-690BC75845FAC', 'balcao', 'finalizado', 58.00, 0.00, 0.00, 58.00, 'cartao_debito', NULL, NULL, NULL, NULL, '2025-11-05 21:53:28', '2025-11-05 21:53:28', NULL),
(39, 5, 2, NULL, NULL, NULL, 'VEN-690BC76037F69', 'balcao', 'finalizado', 19.00, 0.00, 0.00, 19.00, 'pix', NULL, NULL, NULL, NULL, '2025-11-05 21:53:36', '2025-11-05 21:53:36', NULL),
(40, 5, 2, NULL, NULL, NULL, 'VEN-690BC793CF74A', 'balcao', 'finalizado', 48.00, 0.00, 0.00, 48.00, 'cartao_credito', NULL, NULL, NULL, NULL, '2025-11-05 21:54:27', '2025-11-05 21:54:27', NULL),
(41, 5, 2, NULL, NULL, NULL, 'VEN-690BC7B1A9908', 'balcao', 'finalizado', 40.00, 0.00, 0.00, 40.00, 'pix', NULL, NULL, NULL, NULL, '2025-11-05 21:54:57', '2025-11-05 21:54:57', NULL),
(42, 6, 2, NULL, NULL, NULL, 'VEN-690D16A40482F', 'balcao', 'finalizado', 28.00, 0.00, 0.00, 28.00, 'cartao_debito', NULL, NULL, NULL, NULL, '2025-11-06 21:44:04', '2025-11-06 21:44:04', NULL),
(43, 6, 2, NULL, NULL, NULL, 'VEN-690D16B6BFA0C', 'balcao', 'finalizado', 10.00, 0.00, 0.00, 10.00, 'dinheiro', NULL, NULL, NULL, NULL, '2025-11-06 21:44:22', '2025-11-06 21:44:22', NULL),
(44, 6, 2, NULL, NULL, NULL, 'VEN-690D16C494585', 'balcao', 'finalizado', 8.00, 0.00, 0.00, 8.00, 'cartao_debito', NULL, NULL, NULL, NULL, '2025-11-06 21:44:36', '2025-11-06 21:44:36', NULL),
(45, 6, 2, NULL, NULL, NULL, 'VEN-690D16DB88064', 'balcao', 'finalizado', 17.00, 0.00, 0.00, 17.00, 'cartao_debito', NULL, NULL, NULL, NULL, '2025-11-06 21:44:59', '2025-11-06 21:44:59', NULL),
(46, 6, 2, NULL, NULL, NULL, 'VEN-690D16FD30A52', 'balcao', 'finalizado', 36.00, 0.00, 0.00, 36.00, 'cartao_debito', NULL, NULL, NULL, NULL, '2025-11-06 21:45:33', '2025-11-06 21:45:33', NULL),
(47, 6, 2, NULL, NULL, NULL, 'VEN-690D175294754', 'balcao', 'finalizado', 54.00, 0.00, 0.00, 54.00, 'cartao_credito', NULL, NULL, NULL, NULL, '2025-11-06 21:46:58', '2025-11-06 21:46:58', NULL),
(48, 6, 2, NULL, NULL, NULL, 'VEN-690D178781E36', 'balcao', 'finalizado', 49.00, 0.00, 0.00, 49.00, 'cartao_debito', NULL, NULL, NULL, NULL, '2025-11-06 21:47:51', '2025-11-06 21:47:51', NULL),
(49, 6, 2, NULL, NULL, NULL, 'VEN-690D1799F2461', 'balcao', 'finalizado', 48.00, 0.00, 0.00, 48.00, 'cartao_debito', NULL, NULL, NULL, NULL, '2025-11-06 21:48:09', '2025-11-06 21:48:09', NULL),
(50, 6, 2, NULL, NULL, NULL, 'VEN-690D18282E476', 'balcao', 'finalizado', 44.00, 0.00, 0.00, 44.00, 'cartao_credito', NULL, NULL, NULL, NULL, '2025-11-06 21:50:32', '2025-11-06 21:50:32', NULL),
(51, 6, 2, NULL, NULL, 3, 'VEN-690D1958F3244', 'delivery', 'saiu_entrega', 40.00, 0.00, 12.00, 52.00, 'cartao_credito', NULL, NULL, NULL, 'jardim elorado', '2025-11-06 21:55:36', '2025-11-06 21:55:36', NULL),
(52, 6, 2, NULL, NULL, 3, 'VEN-690D1986AD52B', 'delivery', 'saiu_entrega', 12.00, 0.00, 9.00, 21.00, 'cartao_credito', NULL, NULL, NULL, 'residencial aracagy', '2025-11-06 21:56:22', '2025-11-06 21:56:22', NULL),
(53, 6, 2, NULL, NULL, 3, 'VEN-690D1A1A624D2', 'delivery', 'saiu_entrega', 15.00, 0.00, 7.00, 22.00, 'cartao_credito', NULL, NULL, NULL, 'novo cohatrac', '2025-11-06 21:58:50', '2025-11-06 21:58:50', NULL),
(54, 6, 2, NULL, NULL, 3, 'VEN-690D1A3E42A79', 'delivery', 'saiu_entrega', 19.00, 0.00, 10.00, 29.00, 'cartao_credito', NULL, NULL, NULL, 'residencial bela vista', '2025-11-06 21:59:26', '2025-11-06 21:59:26', NULL),
(55, 6, 2, NULL, NULL, 3, 'VEN-690D1AB0E62DD', 'delivery', 'saiu_entrega', 30.00, 0.00, 8.00, 38.00, 'cartao_credito', NULL, NULL, NULL, 'morada do sol', '2025-11-06 22:01:20', '2025-11-06 22:01:20', NULL),
(56, 6, 2, NULL, NULL, 3, 'VEN-690D1AD96CBBE', 'delivery', 'saiu_entrega', 32.00, 0.00, 7.00, 39.00, 'cartao_credito', NULL, NULL, NULL, 'rua das hortencias', '2025-11-06 22:02:01', '2025-11-06 22:02:01', NULL),
(57, 6, 2, NULL, NULL, 3, 'VEN-690D1AFD2EFEF', 'delivery', 'saiu_entrega', 20.00, 0.00, 6.00, 26.00, 'cartao_credito', NULL, NULL, NULL, 'av um', '2025-11-06 22:02:37', '2025-11-06 22:02:37', NULL),
(58, 6, 2, NULL, NULL, 3, 'VEN-690D1B29D4DA2', 'delivery', 'saiu_entrega', 14.00, 0.00, 6.00, 20.00, 'cartao_credito', NULL, NULL, NULL, 'vila alonso costa', '2025-11-06 22:03:21', '2025-11-06 22:03:21', NULL),
(59, 6, 2, NULL, NULL, 3, 'VEN-690D1B6B2EC80', 'delivery', 'saiu_entrega', 34.00, 0.00, 7.00, 41.00, 'cartao_credito', NULL, NULL, NULL, 'condominio barcelona', '2025-11-06 22:04:27', '2025-11-06 22:04:27', NULL),
(60, 6, 2, NULL, NULL, 3, 'VEN-690D1BADEE58B', 'delivery', 'saiu_entrega', 25.00, 2.00, 6.00, 29.00, 'cartao_credito', NULL, NULL, NULL, 'alameda', '2025-11-06 22:05:33', '2025-11-06 22:05:33', NULL),
(61, 6, 2, NULL, NULL, 3, 'VEN-690D1BFF68DAE', 'delivery', 'saiu_entrega', 61.00, 0.00, 10.00, 71.00, 'cartao_credito', NULL, NULL, NULL, 'condominio be life club', '2025-11-06 22:06:55', '2025-11-06 22:06:55', NULL),
(62, 7, 2, NULL, NULL, NULL, 'VEN-690E041CBDBA5', 'balcao', 'finalizado', 23.00, 0.00, 0.00, 23.00, 'cartao_debito', NULL, NULL, NULL, NULL, '2025-11-07 14:37:16', '2025-11-07 14:37:16', NULL),
(63, 7, 2, NULL, NULL, NULL, 'VEN-690E2D3C393D3', 'balcao', 'finalizado', 53.00, 0.00, 0.00, 53.00, 'cartao_credito', NULL, NULL, NULL, NULL, '2025-11-07 17:32:44', '2025-11-07 17:32:44', NULL),
(64, 7, 2, NULL, NULL, NULL, 'VEN-690E2E4E615B4', 'balcao', 'finalizado', 14.00, 0.00, 0.00, 14.00, 'pix', NULL, NULL, NULL, NULL, '2025-11-07 17:37:18', '2025-11-07 17:37:18', NULL),
(65, 7, 2, NULL, NULL, NULL, 'VEN-690E2F1C8C119', 'balcao', 'finalizado', 37.00, 0.00, 0.00, 37.00, 'pix', NULL, NULL, NULL, NULL, '2025-11-07 17:40:44', '2025-11-07 17:40:44', NULL),
(66, 7, 2, NULL, NULL, 3, 'VEN-690E3B8EEE2FC', 'delivery', 'saiu_entrega', 32.00, 0.00, 7.00, 39.00, 'cartao_credito', NULL, NULL, NULL, 'Rua das Caçoeiras,2 Arsagy', '2025-11-07 18:33:50', '2025-11-07 18:33:50', NULL),
(67, 7, 2, NULL, NULL, NULL, 'VEN-690E3BC82544B', 'balcao', 'finalizado', 20.00, 0.00, 0.00, 20.00, 'pix', NULL, NULL, NULL, NULL, '2025-11-07 18:34:48', '2025-11-07 18:34:48', NULL),
(68, 7, 2, NULL, NULL, 3, 'VEN-690E3C5EEB26F', 'delivery', 'saiu_entrega', 10.00, 0.00, 7.00, 17.00, 'cartao_credito', NULL, NULL, NULL, 'R.18 - Altos do Jaguarema', '2025-11-07 18:37:18', '2025-11-07 18:37:18', NULL),
(69, 7, 2, NULL, NULL, 3, 'VEN-690E3D02A4E7B', 'delivery', 'saiu_entrega', 22.00, 0.00, 6.00, 28.00, 'cartao_credito', NULL, NULL, NULL, 'R. Capanema,7 - Cantinho Doce Arasagy', '2025-11-07 18:40:02', '2025-11-07 18:40:02', NULL),
(70, 7, 2, NULL, NULL, NULL, 'VEN-690E4B2ACD95A', 'balcao', 'finalizado', 17.00, 0.00, 0.00, 17.00, 'cartao_credito', NULL, NULL, NULL, NULL, '2025-11-07 19:40:26', '2025-11-07 19:40:26', NULL),
(71, 7, 2, NULL, NULL, 3, 'VEN-690E4BE872B4D', 'delivery', 'saiu_entrega', 34.00, 0.00, 8.00, 42.00, 'cartao_credito', NULL, NULL, NULL, 'estr.raposa 14- condominio Sollar Bougaville', '2025-11-07 19:43:36', '2025-11-07 19:43:36', NULL),
(72, 7, 2, NULL, NULL, NULL, 'VEN-690E4E5141793', 'balcao', 'finalizado', 37.00, 0.00, 0.00, 37.00, 'cartao_credito', NULL, NULL, NULL, NULL, '2025-11-07 19:53:53', '2025-11-07 19:53:53', NULL),
(73, 7, 2, NULL, NULL, NULL, 'VEN-690E61CCE3F7F', 'balcao', 'finalizado', 59.00, 0.00, 0.00, 59.00, 'cartao_debito', NULL, NULL, NULL, NULL, '2025-11-07 21:17:00', '2025-11-07 21:17:00', NULL),
(74, 7, 2, NULL, NULL, NULL, 'VEN-690E63BF74276', 'balcao', 'finalizado', 43.00, 0.00, 0.00, 43.00, 'cartao_credito', NULL, NULL, NULL, NULL, '2025-11-07 21:25:19', '2025-11-07 21:25:19', NULL),
(75, 7, 2, NULL, NULL, 3, 'VEN-690E657455B06', 'delivery', 'saiu_entrega', 76.00, 0.00, 9.00, 85.00, 'cartao_credito', NULL, NULL, NULL, 'AV.Gen.Artu Carvalho casa113', '2025-11-07 21:32:36', '2025-11-07 21:32:36', NULL),
(76, 7, 2, NULL, NULL, NULL, 'VEN-690E65FCA1C2D', 'balcao', 'finalizado', 37.00, 0.00, 0.00, 37.00, 'cartao_debito', NULL, NULL, NULL, NULL, '2025-11-07 21:34:52', '2025-11-07 21:34:52', NULL),
(77, 7, 2, NULL, NULL, NULL, 'VEN-690E66E428CA9', 'balcao', 'finalizado', 23.00, 0.00, 0.00, 23.00, 'cartao_debito', NULL, NULL, NULL, NULL, '2025-11-07 21:38:44', '2025-11-07 21:38:44', NULL),
(78, 7, 2, NULL, NULL, NULL, 'VEN-690E68B6BA21C', 'balcao', 'finalizado', 16.00, 0.00, 0.00, 16.00, 'pix', NULL, NULL, NULL, NULL, '2025-11-07 21:46:30', '2025-11-07 21:46:30', NULL),
(79, 8, 2, NULL, NULL, NULL, 'VEN-690F912E13A4D', 'balcao', 'finalizado', 60.00, 0.00, 0.00, 60.00, 'pix', NULL, NULL, NULL, NULL, '2025-11-08 18:51:26', '2025-11-08 18:51:26', NULL),
(80, 8, 2, NULL, NULL, 3, 'VEN-690F92D9C4546', 'delivery', 'saiu_entrega', 25.00, 0.00, 6.00, 31.00, 'pix', NULL, NULL, NULL, 'Rua dos Cedros. Vila Sao Joao', '2025-11-08 18:58:33', '2025-11-08 18:58:33', NULL),
(81, 8, 2, NULL, NULL, NULL, 'VEN-690F990AEDE18', 'balcao', 'finalizado', 76.00, 0.00, 0.00, 76.00, 'pix', NULL, NULL, NULL, NULL, '2025-11-08 19:24:58', '2025-11-08 19:24:58', NULL),
(82, 8, 2, NULL, NULL, NULL, 'VEN-690F9997BE4DA', 'balcao', 'finalizado', 57.00, 0.00, 0.00, 57.00, 'pix', NULL, NULL, NULL, NULL, '2025-11-08 19:27:19', '2025-11-08 19:27:19', NULL),
(83, 8, 2, NULL, NULL, 3, 'VEN-690FBD912A7D9', 'delivery', 'saiu_entrega', 48.00, 0.00, 6.00, 54.00, 'cartao_credito', NULL, NULL, NULL, 'Alamenda Passo do Lumiar', '2025-11-08 22:00:49', '2025-11-08 22:00:49', NULL),
(84, 8, 2, NULL, NULL, NULL, 'VEN-690FBEA38BCB3', 'balcao', 'finalizado', 40.00, 0.00, 0.00, 40.00, 'pix', NULL, NULL, NULL, NULL, '2025-11-08 22:05:23', '2025-11-08 22:05:23', NULL),
(85, 8, 2, NULL, NULL, 3, 'VEN-690FBF0415167', 'delivery', 'saiu_entrega', 30.00, 0.00, 6.00, 36.00, 'cartao_credito', NULL, NULL, NULL, 'Vila Rio Sao Joao', '2025-11-08 22:07:00', '2025-11-08 22:07:00', NULL),
(86, 8, 2, NULL, NULL, NULL, 'VEN-690FBF2975392', 'balcao', 'finalizado', 37.00, 0.00, 0.00, 37.00, 'cartao_credito', NULL, NULL, NULL, NULL, '2025-11-08 22:07:37', '2025-11-08 22:07:37', NULL),
(87, 8, 2, NULL, NULL, 3, 'VEN-690FBFB89A522', 'delivery', 'saiu_entrega', 40.00, 0.00, 6.00, 46.00, 'cartao_credito', NULL, NULL, NULL, 'Av. Atlatica 16', '2025-11-08 22:10:00', '2025-11-08 22:10:00', NULL),
(88, 8, 2, NULL, NULL, NULL, 'VEN-690FBFE4C6DAE', 'balcao', 'finalizado', 74.00, 0.00, 0.00, 74.00, 'cartao_debito', NULL, NULL, NULL, NULL, '2025-11-08 22:10:44', '2025-11-08 22:10:44', NULL),
(89, 8, 2, NULL, NULL, NULL, 'VEN-690FC001B0F89', 'balcao', 'finalizado', 37.00, 0.00, 0.00, 37.00, 'pix', NULL, NULL, NULL, NULL, '2025-11-08 22:11:13', '2025-11-08 22:11:13', NULL),
(90, 8, 2, NULL, NULL, NULL, 'VEN-690FC11AAEF7B', 'balcao', 'finalizado', 25.50, 0.00, 0.00, 25.50, 'cartao_debito', NULL, NULL, NULL, NULL, '2025-11-08 22:15:54', '2025-11-08 22:15:54', NULL),
(91, 8, 2, NULL, NULL, NULL, 'VEN-690FC13AAA838', 'balcao', 'finalizado', 37.00, 0.00, 0.00, 37.00, 'pix', NULL, NULL, NULL, NULL, '2025-11-08 22:16:26', '2025-11-08 22:16:26', NULL),
(92, 8, 2, NULL, NULL, NULL, 'VEN-690FC14F34DB5', 'balcao', 'finalizado', 48.00, 0.00, 0.00, 48.00, 'cartao_debito', NULL, NULL, NULL, NULL, '2025-11-08 22:16:47', '2025-11-08 22:16:47', NULL),
(93, 8, 2, NULL, NULL, NULL, 'VEN-690FC207DFDC6', 'balcao', 'finalizado', 47.80, 0.00, 0.00, 47.80, 'cartao_debito', NULL, NULL, NULL, NULL, '2025-11-08 22:19:51', '2025-11-08 22:19:51', NULL),
(94, 8, 2, NULL, NULL, NULL, 'VEN-690FC2BE6952A', 'balcao', 'finalizado', 34.00, 0.00, 0.00, 34.00, 'cartao_debito', NULL, NULL, NULL, NULL, '2025-11-08 22:22:54', '2025-11-08 22:22:54', NULL),
(95, 8, 2, NULL, NULL, NULL, 'VEN-690FC2E3D2289', 'balcao', 'finalizado', 15.00, 0.00, 0.00, 15.00, 'cartao_credito', NULL, NULL, NULL, NULL, '2025-11-08 22:23:31', '2025-11-08 22:23:31', NULL),
(96, 8, 2, NULL, NULL, NULL, 'VEN-690FC2FAC9B92', 'balcao', 'finalizado', 17.00, 0.00, 0.00, 17.00, 'cartao_credito', NULL, NULL, NULL, NULL, '2025-11-08 22:23:54', '2025-11-08 22:23:54', NULL),
(97, 8, 2, NULL, NULL, NULL, 'VEN-690FC31EAE177', 'balcao', 'finalizado', 8.00, 0.00, 0.00, 8.00, 'cartao_credito', NULL, NULL, NULL, NULL, '2025-11-08 22:24:30', '2025-11-08 22:24:30', NULL),
(98, 8, 2, NULL, NULL, NULL, 'VEN-690FC3515A315', 'balcao', 'finalizado', 17.00, 0.00, 0.00, 17.00, 'cartao_credito', NULL, NULL, NULL, NULL, '2025-11-08 22:25:21', '2025-11-08 22:25:21', NULL),
(99, 8, 2, NULL, NULL, NULL, 'VEN-690FC3A57E080', 'balcao', 'finalizado', 42.00, 0.00, 0.00, 42.00, 'cartao_credito', NULL, NULL, NULL, NULL, '2025-11-08 22:26:45', '2025-11-08 22:26:45', NULL),
(100, 8, 2, NULL, NULL, NULL, 'VEN-690FC3D547914', 'balcao', 'finalizado', 24.00, 0.00, 0.00, 24.00, 'cartao_credito', NULL, NULL, NULL, NULL, '2025-11-08 22:27:33', '2025-11-08 22:27:33', NULL),
(101, 8, 2, NULL, NULL, NULL, 'VEN-690FC3FEC3B9D', 'balcao', 'finalizado', 36.00, 0.00, 0.00, 36.00, 'cartao_credito', NULL, NULL, NULL, NULL, '2025-11-08 22:28:14', '2025-11-08 22:28:14', NULL),
(102, 9, 2, NULL, NULL, NULL, 'VEN-6910C1983EF68', 'balcao', 'finalizado', 17.00, 0.00, 0.00, 17.00, 'cartao_debito', NULL, NULL, NULL, NULL, '2025-11-09 16:30:16', '2025-11-09 16:30:16', NULL),
(103, 9, 2, NULL, NULL, NULL, 'VEN-6910CA10DE96C', 'balcao', 'finalizado', 20.00, 0.00, 0.00, 20.00, 'cartao_credito', NULL, NULL, NULL, NULL, '2025-11-09 17:06:24', '2025-11-09 17:06:24', NULL),
(104, 9, 2, NULL, NULL, NULL, 'VEN-6910CE8243D40', 'balcao', 'finalizado', 5.00, 0.00, 0.00, 5.00, 'pix', NULL, NULL, NULL, NULL, '2025-11-09 17:25:22', '2025-11-09 17:25:22', NULL),
(105, 9, 2, NULL, NULL, NULL, 'VEN-6910CEA1137FF', 'balcao', 'finalizado', 96.00, 0.00, 0.00, 96.00, 'cartao_credito', NULL, NULL, NULL, NULL, '2025-11-09 17:25:53', '2025-11-09 17:25:53', NULL),
(106, 9, 2, NULL, NULL, NULL, 'VEN-6910CEC02A686', 'balcao', 'finalizado', 17.00, 0.00, 0.00, 17.00, 'cartao_credito', NULL, NULL, NULL, NULL, '2025-11-09 17:26:24', '2025-11-09 17:26:24', NULL),
(107, 9, 2, NULL, NULL, NULL, 'VEN-6910CF3E62E13', 'balcao', 'finalizado', 20.00, 0.00, 0.00, 20.00, 'cartao_debito', NULL, NULL, NULL, NULL, '2025-11-09 17:28:30', '2025-11-09 17:28:30', NULL),
(108, 9, 2, NULL, NULL, 6, 'VEN-6910D128CCABC', 'delivery', 'saiu_entrega', 19.00, 0.00, 7.00, 26.00, 'cartao_credito', NULL, NULL, NULL, 'Praia Ponta Grossa', '2025-11-09 17:36:40', '2025-11-09 17:36:40', NULL),
(109, 9, 2, NULL, NULL, NULL, 'VEN-6910D6A16522D', 'balcao', 'finalizado', 74.00, 0.00, 0.00, 74.00, 'cartao_debito', NULL, NULL, NULL, NULL, '2025-11-09 18:00:01', '2025-11-09 18:00:01', NULL),
(110, 9, 2, NULL, NULL, NULL, 'VEN-6910E6A7249C8', 'balcao', 'finalizado', 36.00, 0.00, 0.00, 36.00, 'cartao_debito', NULL, NULL, NULL, NULL, '2025-11-09 19:08:23', '2025-11-09 19:08:23', NULL),
(111, 9, 2, NULL, NULL, NULL, 'VEN-6910E6BC0EEDB', 'balcao', 'finalizado', 39.00, 0.00, 0.00, 39.00, 'pix', NULL, NULL, NULL, NULL, '2025-11-09 19:08:44', '2025-11-09 19:08:44', NULL),
(112, 9, 2, NULL, NULL, NULL, 'VEN-6913A6ADAF3BA', 'balcao', 'finalizado', 36.00, 0.00, 0.00, 36.00, 'cartao_debito', NULL, NULL, NULL, NULL, '2025-11-11 21:12:13', '2025-11-11 21:12:13', NULL),
(113, 9, 2, NULL, NULL, NULL, 'VEN-6913AAC0DF2DD', 'balcao', 'finalizado', 36.50, 0.00, 0.00, 36.50, 'cartao_debito', NULL, NULL, NULL, NULL, '2025-11-11 21:29:36', '2025-11-11 21:29:36', NULL),
(114, 9, 2, NULL, NULL, 6, 'VEN-6913AB8BC0CFB', 'delivery', 'saiu_entrega', 37.00, 0.00, 7.00, 44.00, 'cartao_credito', NULL, NULL, NULL, 'doce doce', '2025-11-11 21:32:59', '2025-11-11 21:32:59', NULL),
(115, 9, 2, NULL, NULL, 6, 'VEN-6913ABE3A2049', 'delivery', 'saiu_entrega', 25.00, 0.00, 7.00, 32.00, 'cartao_credito', NULL, NULL, NULL, 'doce doce', '2025-11-11 21:34:27', '2025-11-11 21:34:27', NULL),
(116, 9, 2, NULL, NULL, 6, 'VEN-6913AC1A1A64F', 'delivery', 'saiu_entrega', 19.00, 0.00, 7.00, 26.00, 'cartao_credito', NULL, NULL, NULL, 'doce doce', '2025-11-11 21:35:22', '2025-11-11 21:35:22', NULL),
(117, 9, 2, NULL, NULL, 6, 'VEN-6913AC624E3C1', 'delivery', 'saiu_entrega', 91.00, 0.00, 6.00, 97.00, 'cartao_credito', NULL, NULL, NULL, 'doce doe', '2025-11-11 21:36:34', '2025-11-11 21:36:34', NULL),
(118, 9, 2, NULL, NULL, 6, 'VEN-6913AC9B8D1D4', 'delivery', 'saiu_entrega', 22.00, 0.00, 8.00, 30.00, 'cartao_credito', NULL, NULL, NULL, 'doce doce', '2025-11-11 21:37:31', '2025-11-11 21:37:31', NULL),
(119, 9, 2, NULL, NULL, 6, 'VEN-6913ACFA96BEB', 'delivery', 'saiu_entrega', 31.00, 0.00, 7.00, 38.00, 'cartao_credito', NULL, NULL, NULL, 'doce doce', '2025-11-11 21:39:06', '2025-11-11 21:39:06', NULL),
(120, 9, 2, NULL, NULL, 6, 'VEN-6913AD28134DD', 'delivery', 'saiu_entrega', 31.00, 0.00, 6.00, 37.00, 'cartao_credito', NULL, NULL, NULL, 'doce doce', '2025-11-11 21:39:52', '2025-11-11 21:39:52', NULL),
(121, 9, 2, NULL, NULL, 6, 'VEN-6913AD7F5E296', 'delivery', 'saiu_entrega', 44.00, 0.00, 8.00, 52.00, 'cartao_debito', NULL, NULL, NULL, 'doce doce', '2025-11-11 21:41:19', '2025-11-11 21:41:19', NULL),
(122, 9, 2, NULL, NULL, 6, 'VEN-6913ADC0BE9EF', 'delivery', 'saiu_entrega', 19.00, 0.00, 7.00, 26.00, 'cartao_credito', NULL, NULL, NULL, 'doce doce', '2025-11-11 21:42:24', '2025-11-11 21:42:24', NULL),
(123, 9, 2, NULL, NULL, 6, 'VEN-6913ADEC6CB4B', 'delivery', 'saiu_entrega', 39.00, 0.00, 7.00, 46.00, 'cartao_credito', NULL, NULL, NULL, 'doce doce', '2025-11-11 21:43:08', '2025-11-11 21:43:08', NULL),
(124, 9, 2, NULL, NULL, 6, 'VEN-6913AE23F239C', 'delivery', 'saiu_entrega', 40.00, 0.00, 20.00, 60.00, 'pix', NULL, NULL, NULL, 'doce doce', '2025-11-11 21:44:03', '2025-11-11 21:44:03', NULL),
(125, 9, 2, NULL, NULL, NULL, 'VEN-6913AE8CAEA32', 'balcao', 'finalizado', 37.50, 0.00, 0.00, 37.50, 'cartao_debito', NULL, NULL, NULL, NULL, '2025-11-11 21:45:48', '2025-11-11 21:45:48', NULL),
(126, 9, 2, NULL, NULL, NULL, 'VEN-6913AEA267A62', 'balcao', 'finalizado', 19.00, 0.00, 0.00, 19.00, 'pix', NULL, NULL, NULL, NULL, '2025-11-11 21:46:10', '2025-11-11 21:46:10', NULL),
(127, 9, 2, NULL, NULL, 6, 'VEN-6913AEDA9075A', 'delivery', 'saiu_entrega', 19.00, 0.00, 6.00, 25.00, 'cartao_credito', NULL, NULL, NULL, 'doce doce', '2025-11-11 21:47:06', '2025-11-11 21:47:06', NULL),
(128, 10, 2, NULL, NULL, NULL, 'VEN-6914C7CF7422E', 'balcao', 'finalizado', 17.00, 0.00, 0.00, 17.00, 'cartao_debito', NULL, NULL, NULL, NULL, '2025-11-12 17:45:51', '2025-11-12 17:45:51', NULL),
(129, 10, 2, NULL, NULL, NULL, 'VEN-6914C81450ECA', 'balcao', 'finalizado', 17.00, 0.00, 0.00, 17.00, 'cartao_credito', NULL, NULL, NULL, NULL, '2025-11-12 17:47:00', '2025-11-12 17:47:00', NULL),
(130, 10, 2, NULL, NULL, NULL, 'VEN-6914C82BBB501', 'balcao', 'finalizado', 8.00, 0.00, 0.00, 8.00, 'pix', NULL, NULL, NULL, NULL, '2025-11-12 17:47:23', '2025-11-12 17:47:23', NULL),
(131, 10, 2, NULL, NULL, NULL, 'VEN-6914C859ED3C1', 'balcao', 'finalizado', 17.00, 0.00, 0.00, 17.00, 'cartao_credito', NULL, NULL, NULL, NULL, '2025-11-12 17:48:09', '2025-11-12 17:48:09', NULL),
(132, 10, 2, NULL, NULL, NULL, 'VEN-6914E593EA9F4', 'balcao', 'finalizado', 55.00, 0.00, 0.00, 55.00, 'cartao_debito', NULL, NULL, NULL, NULL, '2025-11-12 19:52:51', '2025-11-12 19:52:51', NULL),
(133, 10, 2, NULL, NULL, NULL, 'VEN-6914E5BE6F8CE', 'balcao', 'finalizado', 40.00, 0.00, 0.00, 40.00, 'cartao_debito', NULL, NULL, NULL, NULL, '2025-11-12 19:53:34', '2025-11-12 19:53:34', NULL),
(134, 10, 2, NULL, NULL, NULL, 'VEN-6914E5F338E69', 'balcao', 'finalizado', 8.00, 0.00, 0.00, 8.00, 'pix', NULL, NULL, NULL, NULL, '2025-11-12 19:54:27', '2025-11-12 19:54:27', NULL),
(135, 10, 2, NULL, NULL, NULL, 'VEN-6914E61B808DF', 'balcao', 'finalizado', 19.00, 0.00, 0.00, 19.00, 'cartao_debito', NULL, NULL, NULL, NULL, '2025-11-12 19:55:07', '2025-11-12 19:55:07', NULL),
(136, 10, 2, NULL, NULL, NULL, 'VEN-6914E64D74199', 'balcao', 'finalizado', 25.00, 0.00, 0.00, 25.00, 'cartao_credito', NULL, NULL, NULL, NULL, '2025-11-12 19:55:57', '2025-11-12 19:55:57', NULL),
(137, 10, 2, NULL, NULL, NULL, 'VEN-6914E6A761D91', 'balcao', 'finalizado', 42.00, 0.00, 0.00, 42.00, 'cartao_credito', NULL, NULL, NULL, NULL, '2025-11-12 19:57:27', '2025-11-12 19:57:27', NULL),
(138, 10, 2, NULL, NULL, 6, 'VEN-6914E91BC6A03', 'delivery', 'saiu_entrega', 19.00, 0.00, 8.00, 27.00, 'cartao_credito', NULL, NULL, NULL, 'doce doce', '2025-11-12 20:07:55', '2025-11-12 20:07:55', NULL),
(139, 10, 2, NULL, NULL, 6, 'VEN-6914E97313FBD', 'delivery', 'saiu_entrega', 47.00, 0.00, 8.00, 55.00, 'cartao_debito', NULL, NULL, NULL, 'doce doce', '2025-11-12 20:09:23', '2025-11-12 20:09:23', NULL),
(140, 10, 2, NULL, NULL, 6, 'VEN-6914E9CFE7790', 'delivery', 'saiu_entrega', 20.00, 0.00, 6.00, 26.00, 'cartao_credito', NULL, NULL, NULL, 'doce doce', '2025-11-12 20:10:55', '2025-11-12 20:10:55', NULL),
(141, 10, 2, NULL, NULL, 6, 'VEN-6914EAF1BCBB4', 'delivery', 'saiu_entrega', 8.00, 0.00, 8.00, 16.00, 'cartao_credito', NULL, NULL, NULL, 'doce doce', '2025-11-12 20:15:45', '2025-11-12 20:15:45', NULL),
(142, 10, 2, NULL, NULL, 6, 'VEN-6914EB4801B15', 'delivery', 'saiu_entrega', 8.00, 0.00, 6.00, 14.00, 'cartao_credito', NULL, NULL, NULL, 'Doce Doce', '2025-11-12 20:17:12', '2025-11-12 20:17:12', NULL),
(143, 10, 2, NULL, NULL, 6, 'VEN-6914F7673716F', 'delivery', 'saiu_entrega', 37.00, 0.00, 6.00, 43.00, 'cartao_credito', NULL, NULL, NULL, 'Doce Doce', '2025-11-12 21:08:55', '2025-11-12 21:08:55', NULL),
(144, 10, 2, NULL, NULL, 6, 'VEN-6914F7B775F42', 'delivery', 'saiu_entrega', 19.00, 0.00, 6.00, 25.00, 'cartao_credito', NULL, NULL, NULL, 'Doce Doce', '2025-11-12 21:10:15', '2025-11-12 21:10:15', NULL),
(145, 10, 2, NULL, NULL, 6, 'VEN-6914F7F1329F6', 'delivery', 'saiu_entrega', 22.00, 0.00, 7.00, 29.00, 'cartao_credito', NULL, NULL, NULL, 'Doce Doce', '2025-11-12 21:11:13', '2025-11-12 21:11:13', NULL),
(146, 10, 2, NULL, NULL, 6, 'VEN-6914F8400F105', 'delivery', 'saiu_entrega', 19.00, 0.00, 6.00, 25.00, 'cartao_credito', NULL, NULL, NULL, 'Doce Doe', '2025-11-12 21:12:32', '2025-11-12 21:12:32', NULL),
(147, 10, 2, NULL, NULL, 6, 'VEN-6914F8863B6E1', 'delivery', 'saiu_entrega', 14.00, 0.00, 6.00, 20.00, 'cartao_credito', NULL, NULL, NULL, 'doce doce', '2025-11-12 21:13:42', '2025-11-12 21:13:42', NULL),
(148, 10, 2, NULL, NULL, 6, 'VEN-6914F8B61DE5D', 'delivery', 'saiu_entrega', 37.00, 0.00, 7.00, 44.00, 'cartao_credito', NULL, NULL, NULL, 'Doce Doce', '2025-11-12 21:14:30', '2025-11-12 21:14:30', NULL),
(149, 10, 2, NULL, NULL, 6, 'VEN-6914F8F434B7C', 'delivery', 'saiu_entrega', 19.00, 0.00, 7.00, 26.00, 'cartao_credito', NULL, NULL, NULL, 'Doce Doce', '2025-11-12 21:15:32', '2025-11-12 21:15:32', NULL),
(150, 10, 2, NULL, NULL, 6, 'VEN-6914F941C8068', 'delivery', 'saiu_entrega', 29.00, 0.00, 7.00, 36.00, 'cartao_credito', NULL, NULL, NULL, 'Doce Doce', '2025-11-12 21:16:49', '2025-11-12 21:16:49', NULL),
(151, 10, 2, NULL, NULL, NULL, 'VEN-6914F96951054', 'balcao', 'finalizado', 10.00, 0.00, 0.00, 10.00, 'cartao_debito', NULL, NULL, NULL, NULL, '2025-11-12 21:17:29', '2025-11-12 21:17:29', NULL),
(152, 10, 2, NULL, NULL, NULL, 'VEN-6914F99F7EBA8', 'balcao', 'finalizado', 27.00, 0.00, 0.00, 27.00, 'cartao_debito', NULL, NULL, NULL, NULL, '2025-11-12 21:18:23', '2025-11-12 21:18:23', NULL),
(153, 10, 2, NULL, NULL, NULL, 'VEN-6914FA02D5031', 'balcao', 'finalizado', 28.00, 0.00, 0.00, 28.00, 'cartao_debito', NULL, NULL, NULL, NULL, '2025-11-12 21:20:02', '2025-11-12 21:20:02', NULL),
(154, 10, 2, NULL, NULL, NULL, 'VEN-6914FA134DB7E', 'balcao', 'finalizado', 16.00, 0.00, 0.00, 16.00, 'pix', NULL, NULL, NULL, NULL, '2025-11-12 21:20:19', '2025-11-12 21:20:19', NULL),
(155, 10, 2, NULL, NULL, NULL, 'VEN-6914FA6D084C4', 'balcao', 'finalizado', 27.00, 0.00, 0.00, 27.00, 'cartao_debito', NULL, NULL, NULL, NULL, '2025-11-12 21:21:49', '2025-11-12 21:21:49', NULL),
(156, 10, 2, NULL, NULL, NULL, 'VEN-6915002ED22C3', 'balcao', 'finalizado', 16.00, 0.00, 0.00, 16.00, 'pix', NULL, NULL, NULL, NULL, '2025-11-12 21:46:22', '2025-11-12 21:46:22', NULL),
(157, 10, 2, NULL, NULL, NULL, 'VEN-691500F7A3A4C', 'balcao', 'finalizado', 48.00, 0.00, 0.00, 48.00, 'cartao_credito', NULL, NULL, NULL, NULL, '2025-11-12 21:49:43', '2025-11-12 21:49:43', NULL),
(158, 10, 2, NULL, NULL, NULL, 'VEN-6915022E50BAD', 'balcao', 'finalizado', 27.00, 0.00, 0.00, 27.00, 'cartao_credito', NULL, NULL, NULL, NULL, '2025-11-12 21:54:54', '2025-11-12 21:54:54', NULL);

-- --------------------------------------------------------

--
-- Table structure for table `sale_items`
--

CREATE TABLE `sale_items` (
  `id` bigint(20) UNSIGNED NOT NULL,
  `sale_id` bigint(20) UNSIGNED NOT NULL,
  `product_id` bigint(20) UNSIGNED NOT NULL,
  `quantity` int(11) NOT NULL,
  `unit_price` decimal(10,2) NOT NULL,
  `subtotal` decimal(10,2) NOT NULL,
  `notes` text DEFAULT NULL,
  `created_at` timestamp NULL DEFAULT NULL,
  `updated_at` timestamp NULL DEFAULT NULL
) ENGINE=InnoDB DEFAULT CHARSET=utf8mb4 COLLATE=utf8mb4_unicode_ci;

--
-- Dumping data for table `sale_items`
--

INSERT INTO `sale_items` (`id`, `sale_id`, `product_id`, `quantity`, `unit_price`, `subtotal`, `notes`, `created_at`, `updated_at`) VALUES
(30, 22, 17, 1, 20.00, 20.00, NULL, '2025-11-03 17:58:28', '2025-11-03 17:58:28'),
(31, 23, 18, 1, 19.00, 19.00, NULL, '2025-11-03 18:00:48', '2025-11-03 18:00:48'),
(37, 29, 3, 2, 17.00, 34.00, NULL, '2025-11-05 17:39:47', '2025-11-05 17:39:47'),
(38, 30, 21, 1, 19.00, 19.00, NULL, '2025-11-05 17:41:19', '2025-11-05 17:41:19'),
(39, 31, 13, 1, 14.00, 14.00, NULL, '2025-11-05 20:50:48', '2025-11-05 20:50:48'),
(40, 31, 31, 1, 8.00, 8.00, NULL, '2025-11-05 20:50:48', '2025-11-05 20:50:48'),
(41, 31, 30, 1, 10.00, 10.00, NULL, '2025-11-05 20:50:48', '2025-11-05 20:50:48'),
(42, 32, 3, 1, 17.00, 17.00, NULL, '2025-11-05 20:56:58', '2025-11-05 20:56:58'),
(43, 32, 32, 1, 13.00, 13.00, NULL, '2025-11-05 20:56:58', '2025-11-05 20:56:58'),
(44, 33, 31, 1, 8.00, 8.00, NULL, '2025-11-05 21:01:46', '2025-11-05 21:01:46'),
(45, 34, 24, 1, 8.00, 8.00, NULL, '2025-11-05 21:09:36', '2025-11-05 21:09:36'),
(47, 35, 17, 1, 20.00, 20.00, NULL, '2025-11-05 21:13:10', '2025-11-05 21:13:10'),
(48, 36, 21, 1, 19.00, 19.00, NULL, '2025-11-05 21:38:06', '2025-11-05 21:38:06'),
(49, 36, 3, 1, 17.00, 17.00, NULL, '2025-11-05 21:38:06', '2025-11-05 21:38:06'),
(50, 37, 21, 1, 19.00, 19.00, NULL, '2025-11-05 21:52:46', '2025-11-05 21:52:46'),
(51, 38, 21, 1, 19.00, 19.00, NULL, '2025-11-05 21:53:28', '2025-11-05 21:53:28'),
(52, 38, 33, 1, 19.00, 19.00, NULL, '2025-11-05 21:53:28', '2025-11-05 21:53:28'),
(53, 38, 19, 1, 20.00, 20.00, NULL, '2025-11-05 21:53:28', '2025-11-05 21:53:28'),
(54, 39, 33, 1, 19.00, 19.00, NULL, '2025-11-05 21:53:36', '2025-11-05 21:53:36'),
(55, 40, 22, 1, 48.00, 48.00, NULL, '2025-11-05 21:54:27', '2025-11-05 21:54:27'),
(56, 41, 26, 1, 40.00, 40.00, NULL, '2025-11-05 21:54:57', '2025-11-05 21:54:57'),
(57, 42, 17, 1, 20.00, 20.00, NULL, '2025-11-06 21:44:04', '2025-11-06 21:44:04'),
(58, 42, 24, 1, 8.00, 8.00, NULL, '2025-11-06 21:44:04', '2025-11-06 21:44:04'),
(59, 43, 30, 1, 10.00, 10.00, NULL, '2025-11-06 21:44:22', '2025-11-06 21:44:22'),
(60, 44, 31, 1, 8.00, 8.00, NULL, '2025-11-06 21:44:36', '2025-11-06 21:44:36'),
(61, 45, 3, 1, 17.00, 17.00, NULL, '2025-11-06 21:44:59', '2025-11-06 21:44:59'),
(62, 46, 3, 1, 17.00, 17.00, NULL, '2025-11-06 21:45:33', '2025-11-06 21:45:33'),
(63, 46, 33, 1, 19.00, 19.00, NULL, '2025-11-06 21:45:33', '2025-11-06 21:45:33'),
(64, 47, 34, 1, 12.00, 12.00, NULL, '2025-11-06 21:46:58', '2025-11-06 21:46:58'),
(65, 47, 3, 2, 17.00, 34.00, NULL, '2025-11-06 21:46:58', '2025-11-06 21:46:58'),
(66, 47, 24, 1, 8.00, 8.00, NULL, '2025-11-06 21:46:58', '2025-11-06 21:46:58'),
(67, 48, 34, 2, 12.00, 24.00, NULL, '2025-11-06 21:47:51', '2025-11-06 21:47:51'),
(68, 48, 24, 1, 8.00, 8.00, NULL, '2025-11-06 21:47:51', '2025-11-06 21:47:51'),
(69, 48, 3, 1, 17.00, 17.00, NULL, '2025-11-06 21:47:51', '2025-11-06 21:47:51'),
(70, 49, 22, 1, 48.00, 48.00, NULL, '2025-11-06 21:48:09', '2025-11-06 21:48:09'),
(71, 50, 35, 1, 15.00, 15.00, NULL, '2025-11-06 21:50:32', '2025-11-06 21:50:32'),
(72, 50, 33, 1, 19.00, 19.00, NULL, '2025-11-06 21:50:32', '2025-11-06 21:50:32'),
(73, 50, 36, 1, 10.00, 10.00, NULL, '2025-11-06 21:50:32', '2025-11-06 21:50:32'),
(74, 51, 20, 2, 20.00, 40.00, NULL, '2025-11-06 21:55:36', '2025-11-06 21:55:36'),
(75, 52, 34, 1, 12.00, 12.00, NULL, '2025-11-06 21:56:22', '2025-11-06 21:56:22'),
(76, 53, 37, 1, 15.00, 15.00, NULL, '2025-11-06 21:58:50', '2025-11-06 21:58:50'),
(77, 54, 33, 1, 19.00, 19.00, NULL, '2025-11-06 21:59:26', '2025-11-06 21:59:26'),
(78, 55, 31, 1, 8.00, 8.00, NULL, '2025-11-06 22:01:20', '2025-11-06 22:01:20'),
(79, 55, 39, 1, 14.00, 14.00, NULL, '2025-11-06 22:01:20', '2025-11-06 22:01:20'),
(80, 55, 15, 1, 8.00, 8.00, NULL, '2025-11-06 22:01:20', '2025-11-06 22:01:20'),
(81, 56, 38, 1, 32.00, 32.00, NULL, '2025-11-06 22:02:01', '2025-11-06 22:02:01'),
(82, 57, 19, 1, 20.00, 20.00, NULL, '2025-11-06 22:02:37', '2025-11-06 22:02:37'),
(83, 58, 13, 1, 14.00, 14.00, NULL, '2025-11-06 22:03:21', '2025-11-06 22:03:21'),
(84, 59, 13, 1, 14.00, 14.00, NULL, '2025-11-06 22:04:27', '2025-11-06 22:04:27'),
(85, 59, 20, 1, 20.00, 20.00, NULL, '2025-11-06 22:04:27', '2025-11-06 22:04:27'),
(86, 60, 15, 1, 8.00, 8.00, NULL, '2025-11-06 22:05:33', '2025-11-06 22:05:33'),
(87, 60, 3, 1, 17.00, 17.00, NULL, '2025-11-06 22:05:33', '2025-11-06 22:05:33'),
(88, 61, 36, 2, 10.00, 20.00, NULL, '2025-11-06 22:06:55', '2025-11-06 22:06:55'),
(89, 61, 33, 1, 19.00, 19.00, NULL, '2025-11-06 22:06:55', '2025-11-06 22:06:55'),
(90, 61, 13, 1, 14.00, 14.00, NULL, '2025-11-06 22:06:55', '2025-11-06 22:06:55'),
(91, 61, 15, 1, 8.00, 8.00, NULL, '2025-11-06 22:06:55', '2025-11-06 22:06:55'),
(92, 62, 28, 4, 2.00, 8.00, NULL, '2025-11-07 14:37:16', '2025-11-07 14:37:16'),
(93, 62, 35, 1, 15.00, 15.00, NULL, '2025-11-07 14:37:16', '2025-11-07 14:37:16'),
(94, 63, 22, 1, 48.00, 48.00, NULL, '2025-11-07 17:32:44', '2025-11-07 17:32:44'),
(95, 63, 42, 1, 5.00, 5.00, NULL, '2025-11-07 17:32:44', '2025-11-07 17:32:44'),
(96, 64, 13, 1, 14.00, 14.00, NULL, '2025-11-07 17:37:18', '2025-11-07 17:37:18'),
(97, 65, 3, 1, 17.00, 17.00, NULL, '2025-11-07 17:40:44', '2025-11-07 17:40:44'),
(98, 65, 19, 1, 20.00, 20.00, NULL, '2025-11-07 17:40:44', '2025-11-07 17:40:44'),
(99, 66, 45, 1, 17.00, 17.00, NULL, '2025-11-07 18:33:50', '2025-11-07 18:33:50'),
(100, 66, 37, 1, 15.00, 15.00, NULL, '2025-11-07 18:33:50', '2025-11-07 18:33:50'),
(101, 67, 19, 1, 20.00, 20.00, NULL, '2025-11-07 18:34:48', '2025-11-07 18:34:48'),
(102, 68, 30, 1, 10.00, 10.00, NULL, '2025-11-07 18:37:18', '2025-11-07 18:37:18'),
(103, 69, 27, 1, 22.00, 22.00, NULL, '2025-11-07 18:40:02', '2025-11-07 18:40:02'),
(104, 70, 3, 1, 17.00, 17.00, NULL, '2025-11-07 19:40:26', '2025-11-07 19:40:26'),
(105, 71, 45, 2, 17.00, 34.00, NULL, '2025-11-07 19:43:36', '2025-11-07 19:43:36'),
(106, 72, 45, 1, 17.00, 17.00, NULL, '2025-11-07 19:53:53', '2025-11-07 19:53:53'),
(107, 72, 19, 1, 20.00, 20.00, NULL, '2025-11-07 19:53:53', '2025-11-07 19:53:53'),
(108, 73, 26, 1, 40.00, 40.00, NULL, '2025-11-07 21:17:00', '2025-11-07 21:17:00'),
(109, 73, 33, 1, 19.00, 19.00, NULL, '2025-11-07 21:17:00', '2025-11-07 21:17:00'),
(110, 74, 45, 1, 17.00, 17.00, NULL, '2025-11-07 21:25:19', '2025-11-07 21:25:19'),
(111, 74, 13, 1, 14.00, 14.00, NULL, '2025-11-07 21:25:19', '2025-11-07 21:25:19'),
(112, 74, 46, 1, 12.00, 12.00, NULL, '2025-11-07 21:25:19', '2025-11-07 21:25:19'),
(113, 75, 29, 3, 19.00, 57.00, NULL, '2025-11-07 21:32:36', '2025-11-07 21:32:36'),
(114, 75, 18, 1, 19.00, 19.00, NULL, '2025-11-07 21:32:36', '2025-11-07 21:32:36'),
(115, 76, 25, 1, 37.00, 37.00, NULL, '2025-11-07 21:34:52', '2025-11-07 21:34:52'),
(116, 77, 47, 1, 5.00, 5.00, NULL, '2025-11-07 21:38:44', '2025-11-07 21:38:44'),
(117, 77, 48, 1, 10.00, 10.00, NULL, '2025-11-07 21:38:44', '2025-11-07 21:38:44'),
(118, 77, 15, 1, 8.00, 8.00, NULL, '2025-11-07 21:38:44', '2025-11-07 21:38:44'),
(119, 78, 24, 2, 8.00, 16.00, NULL, '2025-11-07 21:46:30', '2025-11-07 21:46:30'),
(120, 79, 49, 1, 20.00, 20.00, NULL, '2025-11-08 18:51:26', '2025-11-08 18:51:26'),
(121, 79, 26, 1, 40.00, 40.00, NULL, '2025-11-08 18:51:26', '2025-11-08 18:51:26'),
(122, 80, 30, 1, 10.00, 10.00, NULL, '2025-11-08 18:58:33', '2025-11-08 18:58:33'),
(123, 80, 37, 1, 15.00, 15.00, NULL, '2025-11-08 18:58:33', '2025-11-08 18:58:33'),
(124, 81, 41, 1, 19.00, 19.00, NULL, '2025-11-08 19:24:58', '2025-11-08 19:24:58'),
(125, 81, 49, 1, 20.00, 20.00, NULL, '2025-11-08 19:24:58', '2025-11-08 19:24:58'),
(126, 81, 25, 1, 37.00, 37.00, NULL, '2025-11-08 19:24:58', '2025-11-08 19:24:58'),
(127, 82, 3, 1, 17.00, 17.00, NULL, '2025-11-08 19:27:19', '2025-11-08 19:27:19'),
(128, 82, 19, 2, 20.00, 40.00, NULL, '2025-11-08 19:27:19', '2025-11-08 19:27:19'),
(129, 83, 22, 1, 48.00, 48.00, NULL, '2025-11-08 22:00:49', '2025-11-08 22:00:49'),
(130, 84, 26, 1, 40.00, 40.00, NULL, '2025-11-08 22:05:23', '2025-11-08 22:05:23'),
(131, 85, 49, 1, 20.00, 20.00, NULL, '2025-11-08 22:07:00', '2025-11-08 22:07:00'),
(132, 85, 36, 1, 10.00, 10.00, NULL, '2025-11-08 22:07:00', '2025-11-08 22:07:00'),
(133, 86, 25, 1, 37.00, 37.00, NULL, '2025-11-08 22:07:37', '2025-11-08 22:07:37'),
(134, 87, 24, 1, 8.00, 8.00, NULL, '2025-11-08 22:10:00', '2025-11-08 22:10:00'),
(135, 87, 27, 1, 22.00, 22.00, NULL, '2025-11-08 22:10:00', '2025-11-08 22:10:00'),
(136, 87, 48, 1, 10.00, 10.00, NULL, '2025-11-08 22:10:00', '2025-11-08 22:10:00'),
(137, 88, 25, 2, 37.00, 74.00, NULL, '2025-11-08 22:10:44', '2025-11-08 22:10:44'),
(138, 89, 25, 1, 37.00, 37.00, NULL, '2025-11-08 22:11:13', '2025-11-08 22:11:13'),
(139, 90, 13, 1, 14.00, 14.00, NULL, '2025-11-08 22:15:54', '2025-11-08 22:15:54'),
(140, 90, 50, 1, 3.50, 3.50, NULL, '2025-11-08 22:15:54', '2025-11-08 22:15:54'),
(141, 90, 31, 1, 8.00, 8.00, NULL, '2025-11-08 22:15:54', '2025-11-08 22:15:54'),
(142, 91, 25, 1, 37.00, 37.00, NULL, '2025-11-08 22:16:26', '2025-11-08 22:16:26'),
(143, 92, 22, 1, 48.00, 48.00, NULL, '2025-11-08 22:16:47', '2025-11-08 22:16:47'),
(144, 93, 51, 1, 15.80, 15.80, NULL, '2025-11-08 22:19:51', '2025-11-08 22:19:51'),
(145, 93, 41, 1, 19.00, 19.00, NULL, '2025-11-08 22:19:51', '2025-11-08 22:19:51'),
(146, 93, 32, 1, 13.00, 13.00, NULL, '2025-11-08 22:19:51', '2025-11-08 22:19:51'),
(147, 94, 45, 2, 17.00, 34.00, NULL, '2025-11-08 22:22:54', '2025-11-08 22:22:54'),
(148, 95, 37, 1, 15.00, 15.00, NULL, '2025-11-08 22:23:31', '2025-11-08 22:23:31'),
(149, 96, 45, 1, 17.00, 17.00, NULL, '2025-11-08 22:23:54', '2025-11-08 22:23:54'),
(150, 97, 31, 1, 8.00, 8.00, NULL, '2025-11-08 22:24:30', '2025-11-08 22:24:30'),
(151, 98, 45, 1, 17.00, 17.00, NULL, '2025-11-08 22:25:21', '2025-11-08 22:25:21'),
(152, 99, 27, 1, 22.00, 22.00, NULL, '2025-11-08 22:26:45', '2025-11-08 22:26:45'),
(153, 99, 49, 1, 20.00, 20.00, NULL, '2025-11-08 22:26:45', '2025-11-08 22:26:45'),
(154, 100, 13, 1, 14.00, 14.00, NULL, '2025-11-08 22:27:33', '2025-11-08 22:27:33'),
(155, 100, 36, 1, 10.00, 10.00, NULL, '2025-11-08 22:27:33', '2025-11-08 22:27:33'),
(156, 101, 27, 1, 22.00, 22.00, NULL, '2025-11-08 22:28:14', '2025-11-08 22:28:14'),
(157, 101, 39, 1, 14.00, 14.00, NULL, '2025-11-08 22:28:14', '2025-11-08 22:28:14'),
(158, 102, 3, 1, 17.00, 17.00, NULL, '2025-11-09 16:30:16', '2025-11-09 16:30:16'),
(159, 103, 17, 1, 20.00, 20.00, NULL, '2025-11-09 17:06:24', '2025-11-09 17:06:24'),
(160, 104, 52, 1, 5.00, 5.00, NULL, '2025-11-09 17:25:22', '2025-11-09 17:25:22'),
(161, 105, 22, 2, 48.00, 96.00, NULL, '2025-11-09 17:25:53', '2025-11-09 17:25:53'),
(162, 106, 45, 1, 17.00, 17.00, NULL, '2025-11-09 17:26:24', '2025-11-09 17:26:24'),
(163, 107, 53, 1, 20.00, 20.00, NULL, '2025-11-09 17:28:30', '2025-11-09 17:28:30'),
(164, 108, 40, 1, 19.00, 19.00, NULL, '2025-11-09 17:36:40', '2025-11-09 17:36:40'),
(165, 109, 54, 1, 17.00, 17.00, NULL, '2025-11-09 18:00:01', '2025-11-09 18:00:01'),
(166, 109, 41, 1, 19.00, 19.00, NULL, '2025-11-09 18:00:01', '2025-11-09 18:00:01'),
(167, 109, 55, 2, 19.00, 38.00, NULL, '2025-11-09 18:00:01', '2025-11-09 18:00:01'),
(168, 110, 54, 1, 17.00, 17.00, NULL, '2025-11-09 19:08:23', '2025-11-09 19:08:23'),
(169, 110, 41, 1, 19.00, 19.00, NULL, '2025-11-09 19:08:23', '2025-11-09 19:08:23'),
(170, 111, 41, 1, 19.00, 19.00, NULL, '2025-11-09 19:08:44', '2025-11-09 19:08:44'),
(171, 111, 53, 1, 20.00, 20.00, NULL, '2025-11-09 19:08:44', '2025-11-09 19:08:44'),
(172, 112, 41, 1, 19.00, 19.00, NULL, '2025-11-11 21:12:13', '2025-11-11 21:12:13'),
(173, 112, 54, 1, 17.00, 17.00, NULL, '2025-11-11 21:12:13', '2025-11-11 21:12:13'),
(174, 113, 18, 1, 19.00, 19.00, NULL, '2025-11-11 21:29:36', '2025-11-11 21:29:36'),
(175, 113, 50, 1, 3.50, 3.50, NULL, '2025-11-11 21:29:36', '2025-11-11 21:29:36'),
(176, 113, 39, 1, 14.00, 14.00, NULL, '2025-11-11 21:29:36', '2025-11-11 21:29:36'),
(177, 114, 25, 1, 37.00, 37.00, NULL, '2025-11-11 21:32:59', '2025-11-11 21:32:59'),
(178, 115, 45, 1, 17.00, 17.00, NULL, '2025-11-11 21:34:27', '2025-11-11 21:34:27'),
(179, 115, 15, 1, 8.00, 8.00, NULL, '2025-11-11 21:34:27', '2025-11-11 21:34:27'),
(180, 116, 18, 1, 19.00, 19.00, NULL, '2025-11-11 21:35:22', '2025-11-11 21:35:22'),
(181, 117, 17, 2, 20.00, 40.00, NULL, '2025-11-11 21:36:34', '2025-11-11 21:36:34'),
(182, 117, 25, 1, 37.00, 37.00, NULL, '2025-11-11 21:36:34', '2025-11-11 21:36:34'),
(183, 117, 39, 1, 14.00, 14.00, NULL, '2025-11-11 21:36:34', '2025-11-11 21:36:34'),
(184, 118, 27, 1, 22.00, 22.00, NULL, '2025-11-11 21:37:31', '2025-11-11 21:37:31'),
(185, 119, 39, 1, 14.00, 14.00, NULL, '2025-11-11 21:39:06', '2025-11-11 21:39:06'),
(186, 119, 45, 1, 17.00, 17.00, NULL, '2025-11-11 21:39:06', '2025-11-11 21:39:06'),
(187, 120, 54, 1, 17.00, 17.00, NULL, '2025-11-11 21:39:52', '2025-11-11 21:39:52'),
(188, 120, 39, 1, 14.00, 14.00, NULL, '2025-11-11 21:39:52', '2025-11-11 21:39:52'),
(189, 121, 39, 1, 14.00, 14.00, NULL, '2025-11-11 21:41:19', '2025-11-11 21:41:19'),
(190, 121, 54, 1, 17.00, 17.00, NULL, '2025-11-11 21:41:19', '2025-11-11 21:41:19'),
(191, 121, 32, 1, 13.00, 13.00, NULL, '2025-11-11 21:41:19', '2025-11-11 21:41:19'),
(192, 122, 55, 1, 19.00, 19.00, NULL, '2025-11-11 21:42:24', '2025-11-11 21:42:24'),
(193, 123, 39, 1, 14.00, 14.00, NULL, '2025-11-11 21:43:08', '2025-11-11 21:43:08'),
(194, 123, 54, 1, 17.00, 17.00, NULL, '2025-11-11 21:43:08', '2025-11-11 21:43:08'),
(195, 123, 15, 1, 8.00, 8.00, NULL, '2025-11-11 21:43:08', '2025-11-11 21:43:08'),
(196, 124, 26, 1, 40.00, 40.00, NULL, '2025-11-11 21:44:03', '2025-11-11 21:44:03'),
(197, 125, 35, 1, 15.00, 15.00, NULL, '2025-11-11 21:45:48', '2025-11-11 21:45:48'),
(198, 125, 50, 1, 3.50, 3.50, NULL, '2025-11-11 21:45:48', '2025-11-11 21:45:48'),
(199, 125, 41, 1, 19.00, 19.00, NULL, '2025-11-11 21:45:48', '2025-11-11 21:45:48'),
(200, 126, 29, 1, 19.00, 19.00, NULL, '2025-11-11 21:46:10', '2025-11-11 21:46:10'),
(201, 127, 29, 1, 19.00, 19.00, NULL, '2025-11-11 21:47:06', '2025-11-11 21:47:06'),
(202, 128, 45, 1, 17.00, 17.00, NULL, '2025-11-12 17:45:51', '2025-11-12 17:45:51'),
(203, 129, 45, 1, 17.00, 17.00, NULL, '2025-11-12 17:47:00', '2025-11-12 17:47:00'),
(204, 130, 15, 1, 8.00, 8.00, NULL, '2025-11-12 17:47:23', '2025-11-12 17:47:23'),
(205, 131, 45, 1, 17.00, 17.00, NULL, '2025-11-12 17:48:09', '2025-11-12 17:48:09'),
(206, 132, 17, 2, 20.00, 40.00, NULL, '2025-11-12 19:52:51', '2025-11-12 19:52:51'),
(207, 132, 35, 1, 15.00, 15.00, NULL, '2025-11-12 19:52:51', '2025-11-12 19:52:51'),
(208, 133, 17, 2, 20.00, 40.00, NULL, '2025-11-12 19:53:34', '2025-11-12 19:53:34'),
(209, 134, 15, 1, 8.00, 8.00, NULL, '2025-11-12 19:54:27', '2025-11-12 19:54:27'),
(210, 135, 33, 1, 19.00, 19.00, NULL, '2025-11-12 19:55:07', '2025-11-12 19:55:07'),
(211, 136, 28, 5, 2.00, 10.00, NULL, '2025-11-12 19:55:57', '2025-11-12 19:55:57'),
(212, 136, 35, 1, 15.00, 15.00, NULL, '2025-11-12 19:55:57', '2025-11-12 19:55:57'),
(213, 137, 16, 1, 10.00, 10.00, NULL, '2025-11-12 19:57:27', '2025-11-12 19:57:27'),
(214, 137, 45, 1, 17.00, 17.00, NULL, '2025-11-12 19:57:27', '2025-11-12 19:57:27'),
(215, 137, 35, 1, 15.00, 15.00, NULL, '2025-11-12 19:57:27', '2025-11-12 19:57:27'),
(216, 138, 33, 1, 19.00, 19.00, NULL, '2025-11-12 20:07:55', '2025-11-12 20:07:55'),
(217, 139, 15, 1, 8.00, 8.00, NULL, '2025-11-12 20:09:23', '2025-11-12 20:09:23'),
(218, 139, 45, 1, 17.00, 17.00, NULL, '2025-11-12 20:09:23', '2025-11-12 20:09:23'),
(219, 139, 27, 1, 22.00, 22.00, NULL, '2025-11-12 20:09:23', '2025-11-12 20:09:23'),
(220, 140, 17, 1, 20.00, 20.00, NULL, '2025-11-12 20:10:55', '2025-11-12 20:10:55'),
(221, 141, 31, 1, 8.00, 8.00, NULL, '2025-11-12 20:15:45', '2025-11-12 20:15:45'),
(222, 142, 31, 1, 8.00, 8.00, NULL, '2025-11-12 20:17:12', '2025-11-12 20:17:12'),
(223, 143, 25, 1, 37.00, 37.00, NULL, '2025-11-12 21:08:55', '2025-11-12 21:08:55'),
(224, 144, 21, 1, 19.00, 19.00, NULL, '2025-11-12 21:10:15', '2025-11-12 21:10:15'),
(225, 145, 27, 1, 22.00, 22.00, NULL, '2025-11-12 21:11:13', '2025-11-12 21:11:13'),
(226, 146, 55, 1, 19.00, 19.00, NULL, '2025-11-12 21:12:32', '2025-11-12 21:12:32'),
(227, 147, 13, 1, 14.00, 14.00, NULL, '2025-11-12 21:13:42', '2025-11-12 21:13:42'),
(228, 148, 25, 1, 37.00, 37.00, NULL, '2025-11-12 21:14:30', '2025-11-12 21:14:30'),
(229, 149, 21, 1, 19.00, 19.00, NULL, '2025-11-12 21:15:32', '2025-11-12 21:15:32'),
(230, 150, 36, 1, 10.00, 10.00, NULL, '2025-11-12 21:16:49', '2025-11-12 21:16:49'),
(231, 150, 55, 1, 19.00, 19.00, NULL, '2025-11-12 21:16:49', '2025-11-12 21:16:49'),
(232, 151, 30, 1, 10.00, 10.00, NULL, '2025-11-12 21:17:29', '2025-11-12 21:17:29'),
(233, 152, 21, 1, 19.00, 19.00, NULL, '2025-11-12 21:18:23', '2025-11-12 21:18:23'),
(234, 152, 24, 1, 8.00, 8.00, NULL, '2025-11-12 21:18:23', '2025-11-12 21:18:23'),
(235, 153, 13, 2, 14.00, 28.00, NULL, '2025-11-12 21:20:02', '2025-11-12 21:20:02'),
(236, 154, 24, 2, 8.00, 16.00, NULL, '2025-11-12 21:20:19', '2025-11-12 21:20:19'),
(237, 155, 41, 1, 19.00, 19.00, NULL, '2025-11-12 21:21:49', '2025-11-12 21:21:49'),
(238, 155, 24, 1, 8.00, 8.00, NULL, '2025-11-12 21:21:49', '2025-11-12 21:21:49'),
(239, 156, 24, 2, 8.00, 16.00, NULL, '2025-11-12 21:46:22', '2025-11-12 21:46:22'),
(240, 157, 13, 1, 14.00, 14.00, NULL, '2025-11-12 21:49:43', '2025-11-12 21:49:43'),
(241, 157, 45, 2, 17.00, 34.00, NULL, '2025-11-12 21:49:43', '2025-11-12 21:49:43'),
(242, 158, 16, 1, 10.00, 10.00, NULL, '2025-11-12 21:54:54', '2025-11-12 21:54:54'),
(243, 158, 45, 1, 17.00, 17.00, NULL, '2025-11-12 21:54:54', '2025-11-12 21:54:54');

-- --------------------------------------------------------

--
-- Table structure for table `sessions`
--

CREATE TABLE `sessions` (
  `id` varchar(255) NOT NULL,
  `user_id` bigint(20) UNSIGNED DEFAULT NULL,
  `ip_address` varchar(45) DEFAULT NULL,
  `user_agent` text DEFAULT NULL,
  `payload` longtext NOT NULL,
  `last_activity` int(11) NOT NULL
) ENGINE=InnoDB DEFAULT CHARSET=utf8mb4 COLLATE=utf8mb4_unicode_ci;

--
-- Dumping data for table `sessions`
--

INSERT INTO `sessions` (`id`, `user_id`, `ip_address`, `user_agent`, `payload`, `last_activity`) VALUES
('1KXbL9sAXZY5dHtzZEhOOcWlRISndEFft1n6wXyk', NULL, '2400:6180:100:d0::9d64:1', 'Mozilla/5.0 (Linux; Android 10; K) AppleWebKit/537.36 (KHTML, like Gecko) Chrome/138.0.0.0 Mobile Safari/537.36', 'YTozOntzOjY6Il90b2tlbiI7czo0MDoiUlhpdkk1UnFtM3ZmdWZSVDFzeW5GbE1LUmFsU29Pa2l0RGdDejdyTiI7czo5OiJfcHJldmlvdXMiO2E6MTp7czozOiJ1cmwiO3M6MzM6Imh0dHBzOi8vZG9jZWRvY2VicmlnYWRlcmlhLmNvbS5iciI7fXM6NjoiX2ZsYXNoIjthOjI6e3M6Mzoib2xkIjthOjA6e31zOjM6Im5ldyI7YTowOnt9fX0=', 1763011405),
('23iWn1iuFzEfGP6iTXwmKJlbpzobe69O1JYvcrEs', NULL, '157.254.55.126', 'Mozilla/5.0 (iPhone; CPU iPhone OS 18_0_1 like Mac OS X) AppleWebKit/605.1.15 (KHTML, like Gecko) Brave/1 Mobile/15E148 Safari/604.1', 'YTozOntzOjY6Il90b2tlbiI7czo0MDoiTDF4RXZyWUx6RVpXMkt1ZEhiMkxtN0VveG5uZHRiWlFUUXNNRG5jeSI7czo5OiJfcHJldmlvdXMiO2E6MTp7czozOiJ1cmwiO3M6MzM6Imh0dHBzOi8vZG9jZWRvY2VicmlnYWRlcmlhLmNvbS5iciI7fXM6NjoiX2ZsYXNoIjthOjI6e3M6Mzoib2xkIjthOjA6e31zOjM6Im5ldyI7YTowOnt9fX0=', 1763011437),
('aekpJuvIhUthfS1dkbC6Zbyjbw7sQh9FSqlLEzKm', NULL, '199.45.155.100', 'Mozilla/5.0 (compatible; CensysInspect/1.1; +https://about.censys.io/)', 'YTozOntzOjY6Il90b2tlbiI7czo0MDoiWkFyc3NDbmlhVnV3VWhCQUhDQ1IxY2tpaXFSV3BIa1hOQnNCRnBzNyI7czo5OiJfcHJldmlvdXMiO2E6MTp7czozOiJ1cmwiO3M6MzM6Imh0dHBzOi8vZG9jZWRvY2VicmlnYWRlcmlhLmNvbS5iciI7fXM6NjoiX2ZsYXNoIjthOjI6e3M6Mzoib2xkIjthOjA6e31zOjM6Im5ldyI7YTowOnt9fX0=', 1763010588),
('bjfDGCBWVSl5mhprBnMfDDdvvBCj7IxvoGdsvk0G', NULL, '157.254.55.126', 'Mozilla/5.0 (Windows NT 10.0; Win64; x64) AppleWebKit/537.36 (KHTML, like Gecko) Chrome/141.0.0.0 Safari/537.36 Edg/141.0.0.0', 'YTozOntzOjY6Il90b2tlbiI7czo0MDoiUWpsckxZN3NaMHdva1VuSkQzTTlCOHhqanhBTVpYblJGZlVaMkFzRCI7czo5OiJfcHJldmlvdXMiO2E6MTp7czozOiJ1cmwiO3M6MzM6Imh0dHBzOi8vZG9jZWRvY2VicmlnYWRlcmlhLmNvbS5iciI7fXM6NjoiX2ZsYXNoIjthOjI6e3M6Mzoib2xkIjthOjA6e31zOjM6Im5ldyI7YTowOnt9fX0=', 1763011402),
('EZgwqvNASz8QTiGLZ4fevmuFgym9zA7raOpzrCdG', NULL, '177.3.181.76', 'Mozilla/5.0 (iPhone SE (2nd generation); CPU iPhone OS 18_0_1 like Mac OS X) AppleWebKit/605.1.15 (KHTML, like Gecko) Version/26.66 Mobile/18G1393 Safari/604.1.38', 'YTozOntzOjY6Il90b2tlbiI7czo0MDoiUE44em9LajRJVnIySE9RMDdQQTRzdDIwb25Cem9EWUwwcnBBOE1hTiI7czo5OiJfcHJldmlvdXMiO2E6MTp7czozOiJ1cmwiO3M6MzM6Imh0dHBzOi8vZG9jZWRvY2VicmlnYWRlcmlhLmNvbS5iciI7fXM6NjoiX2ZsYXNoIjthOjI6e3M6Mzoib2xkIjthOjA6e31zOjM6Im5ldyI7YTowOnt9fX0=', 1763011404),
('ifKHhwELmPfVATkKIrwVAiQhq4MSGEKI5ln2js7U', 1, '181.191.88.4', 'Mozilla/5.0 (Windows NT 10.0; Win64; x64) AppleWebKit/537.36 (KHTML, like Gecko) Chrome/142.0.0.0 Safari/537.36', 'YTo0OntzOjY6Il90b2tlbiI7czo0MDoiQUtXR0t2VUhRWVVuMDRUTnZ4WnE5UUZRUUROT29jRTR5ZUhCZXlqciI7czo5OiJfcHJldmlvdXMiO2E6MTp7czozOiJ1cmwiO3M6NTY6Imh0dHBzOi8vZG9jZWRvY2VicmlnYWRlcmlhLmNvbS5ici9nZXN0b3IvcHJvZHV0b3MvY3JlYXRlIjt9czo2OiJfZmxhc2giO2E6Mjp7czozOiJvbGQiO2E6MDp7fXM6MzoibmV3IjthOjA6e319czo1MDoibG9naW5fd2ViXzU5YmEzNmFkZGMyYjJmOTQwMTU4MGYwMTRjN2Y1OGVhNGUzMDk4OWQiO2k6MTt9', 1762972633),
('INRBx9iQ2JZd8HG4mhH0PUjtp7fCq85XG7KE7Z9B', NULL, '54.196.9.44', 'SonyEricssonT68/R201A', 'YTozOntzOjY6Il90b2tlbiI7czo0MDoiakowUkJBblpZeFJuVDBMM1pHYUhIM01rOUNBRWRlajEwcDM4Z1c0QyI7czo5OiJfcHJldmlvdXMiO2E6MTp7czozOiJ1cmwiO3M6MzM6Imh0dHBzOi8vZG9jZWRvY2VicmlnYWRlcmlhLmNvbS5iciI7fXM6NjoiX2ZsYXNoIjthOjI6e3M6Mzoib2xkIjthOjA6e31zOjM6Im5ldyI7YTowOnt9fX0=', 1763031989),
('K0sZAXQXaw3HSOXVb8mFERnHXZqg7nOy5eHYao6r', NULL, '2a02:4780:13:c0de::b', 'Go-http-client/2.0', 'YToyOntzOjY6Il90b2tlbiI7czo0MDoia0R2cHNsMDZrZFRyOGdCSEV2VUlCbEVEQXpkaTBYUzNBbVJZSTRlbCI7czo2OiJfZmxhc2giO2E6Mjp7czozOiJvbGQiO2E6MDp7fXM6MzoibmV3IjthOjA6e319fQ==', 1763034133),
('T004YH7d0COhzAKojWu8kNsLu1YrPku1OpBg1xUv', NULL, '86.105.155.248', 'Mozilla/5.0 (iPhone; CPU iPhone OS 17_0 like Mac OS X) AppleWebKit/605.1.15 (KHTML, like Gecko) Version/17.0 Mobile/15E148 Safari/604.1', 'YTozOntzOjY6Il90b2tlbiI7czo0MDoiSEN2WUFIOFBXMjdwY2NMRDBycUN2SllPOTlYVzl1dUMxQjROak9CQiI7czo5OiJfcHJldmlvdXMiO2E6MTp7czozOiJ1cmwiO3M6MzM6Imh0dHBzOi8vZG9jZWRvY2VicmlnYWRlcmlhLmNvbS5iciI7fXM6NjoiX2ZsYXNoIjthOjI6e3M6Mzoib2xkIjthOjA6e31zOjM6Im5ldyI7YTowOnt9fX0=', 1763011402),
('vgulGX0NMsgiP57yQGoOgPEAuvxgOU8JXJ49Z0gn', 2, '179.51.177.186', 'Mozilla/5.0 (Windows NT 10.0; Win64; x64) AppleWebKit/537.36 (KHTML, like Gecko) Chrome/142.0.0.0 Safari/537.36', 'YTo0OntzOjY6Il90b2tlbiI7czo0MDoiOWxjMzV5NkRIaWVNZE5tZzZnUVdSRkpYVUdDczV1b1hhTW54aWZFYyI7czo5OiJfcHJldmlvdXMiO2E6MTp7czozOiJ1cmwiO3M6NDk6Imh0dHBzOi8vZG9jZWRvY2VicmlnYWRlcmlhLmNvbS5ici9nZXN0b3IvY2FpeGEvMTAiO31zOjY6Il9mbGFzaCI7YToyOntzOjM6Im9sZCI7YTowOnt9czozOiJuZXciO2E6MDp7fX1zOjUwOiJsb2dpbl93ZWJfNTliYTM2YWRkYzJiMmY5NDAxNTgwZjAxNGM3ZjU4ZWE0ZTMwOTg5ZCI7aToyO30=', 1762986806);

-- --------------------------------------------------------

--
-- Table structure for table `settings`
--

CREATE TABLE `settings` (
  `id` bigint(20) UNSIGNED NOT NULL,
  `key` varchar(255) NOT NULL,
  `value` text DEFAULT NULL,
  `type` enum('string','boolean','json','integer') NOT NULL DEFAULT 'string',
  `created_at` timestamp NULL DEFAULT NULL,
  `updated_at` timestamp NULL DEFAULT NULL
) ENGINE=InnoDB DEFAULT CHARSET=utf8mb4 COLLATE=utf8mb4_unicode_ci;

--
-- Dumping data for table `settings`
--

INSERT INTO `settings` (`id`, `key`, `value`, `type`, `created_at`, `updated_at`) VALUES
(1, 'store_status', 'open', 'string', '2025-10-28 16:55:56', '2025-10-30 13:43:06'),
(2, 'banner_active', '0', 'boolean', '2025-10-28 16:55:56', '2025-10-29 00:29:13'),
(3, 'banner_message', '', 'string', '2025-10-28 16:55:56', '2025-10-30 13:40:43'),
(4, 'printer_type', 'windows', 'string', '2025-11-10 18:25:41', '2025-11-10 18:25:41'),
(5, 'printer_windows_name', 'EPSON TM-T20X Receipt6', 'string', '2025-11-10 18:25:41', '2025-11-10 18:25:41');

-- --------------------------------------------------------

--
-- Table structure for table `tables`
--

CREATE TABLE `tables` (
  `id` bigint(20) UNSIGNED NOT NULL,
  `number` varchar(255) NOT NULL,
  `capacity` int(11) NOT NULL DEFAULT 4,
  `status` enum('disponivel','ocupada','reservada') NOT NULL DEFAULT 'disponivel',
  `active` tinyint(1) NOT NULL DEFAULT 1,
  `created_at` timestamp NULL DEFAULT NULL,
  `updated_at` timestamp NULL DEFAULT NULL,
  `deleted_at` timestamp NULL DEFAULT NULL
) ENGINE=InnoDB DEFAULT CHARSET=utf8mb4 COLLATE=utf8mb4_unicode_ci;

--
-- Dumping data for table `tables`
--

INSERT INTO `tables` (`id`, `number`, `capacity`, `status`, `active`, `created_at`, `updated_at`, `deleted_at`) VALUES
(1, '01', 2, 'disponivel', 1, '2025-10-26 23:38:57', '2025-10-26 23:38:57', NULL),
(2, '02', 2, 'disponivel', 1, '2025-10-26 23:38:57', '2025-10-27 06:06:10', NULL),
(3, '03', 4, 'disponivel', 1, '2025-10-26 23:38:57', '2025-10-29 00:30:26', NULL),
(4, '04', 4, 'disponivel', 1, '2025-10-26 23:38:57', '2025-11-05 21:13:10', NULL),
(5, '05', 6, 'disponivel', 1, '2025-10-26 23:38:57', '2025-10-27 05:28:00', NULL),
(6, '06', 6, 'disponivel', 1, '2025-10-26 23:38:57', '2025-10-26 23:38:57', NULL),
(7, '07', 8, 'disponivel', 1, '2025-10-26 23:38:57', '2025-10-26 23:38:57', NULL),
(8, '08', 8, 'disponivel', 1, '2025-10-26 23:38:57', '2025-10-26 23:38:57', NULL),
(9, '09', 10, 'disponivel', 1, '2025-10-26 23:38:57', '2025-10-26 23:38:57', NULL),
(10, '10', 10, 'disponivel', 1, '2025-10-26 23:38:57', '2025-10-26 23:38:57', NULL),
(11, 'BALCAO', 12, 'disponivel', 1, '2025-10-26 23:38:57', '2025-10-29 21:16:00', '2025-10-29 21:16:00');

-- --------------------------------------------------------

--
-- Table structure for table `users`
--

CREATE TABLE `users` (
  `id` bigint(20) UNSIGNED NOT NULL,
  `name` varchar(255) NOT NULL,
  `email` varchar(255) NOT NULL,
  `password` varchar(255) NOT NULL,
  `role` enum('admin','gestor','atendente') NOT NULL DEFAULT 'atendente',
  `active` tinyint(1) NOT NULL DEFAULT 1,
  `email_verified_at` timestamp NULL DEFAULT NULL,
  `remember_token` varchar(100) DEFAULT NULL,
  `created_at` timestamp NULL DEFAULT NULL,
  `updated_at` timestamp NULL DEFAULT NULL,
  `deleted_at` timestamp NULL DEFAULT NULL
) ENGINE=InnoDB DEFAULT CHARSET=utf8mb4 COLLATE=utf8mb4_unicode_ci;

--
-- Dumping data for table `users`
--

INSERT INTO `users` (`id`, `name`, `email`, `password`, `role`, `active`, `email_verified_at`, `remember_token`, `created_at`, `updated_at`, `deleted_at`) VALUES
(1, 'Test User', 'test@example.com', '$2y$12$KXOTNWSACdqp1puQHHeOA.eYjXYXn7dAQxzsVm2FJ2z8yaYqKe6z6', 'atendente', 1, '2025-10-26 23:38:55', 'BLLFnhrUm8atkk7LLfmfzwg0IcbxF1vhitEsdoWKkTNAhF8RaE93cScgt1Du', '2025-10-26 23:38:55', '2025-10-26 23:38:55', NULL),
(2, 'Lady Jhennifer', 'lady@docedoce.com', '$2y$12$sZycMOCcQJcUdH39.Y9bnOOCzTMjJae2hmJ1EXmjRQIQ11.Lfeyfq', 'atendente', 1, NULL, NULL, '2025-10-28 20:51:37', '2025-10-29 17:12:04', NULL),
(3, 'Stephany Pires', 'stephany@docedoce.com', '$2y$12$tlH0uGZeNEnqtYkwKusZcu0P1YeiAPtqm4Js6pw5VawmTV4XXP9ju', 'atendente', 1, NULL, NULL, '2025-10-29 17:00:27', '2025-10-29 17:00:27', NULL);

-- --------------------------------------------------------

--
-- Table structure for table `user_permission`
--

CREATE TABLE `user_permission` (
  `id` bigint(20) UNSIGNED NOT NULL,
  `user_id` bigint(20) UNSIGNED NOT NULL,
  `permission_id` bigint(20) UNSIGNED NOT NULL,
  `action` enum('grant','revoke') NOT NULL DEFAULT 'grant',
  `created_at` timestamp NULL DEFAULT NULL,
  `updated_at` timestamp NULL DEFAULT NULL
) ENGINE=InnoDB DEFAULT CHARSET=utf8mb4 COLLATE=utf8mb4_unicode_ci;

--
-- Dumping data for table `user_permission`
--

INSERT INTO `user_permission` (`id`, `user_id`, `permission_id`, `action`, `created_at`, `updated_at`) VALUES
(1, 1, 2, 'grant', NULL, NULL),
(2, 1, 1, 'grant', NULL, NULL),
(3, 1, 52, 'grant', NULL, NULL),
(4, 1, 42, 'grant', NULL, NULL),
(5, 1, 40, 'grant', NULL, NULL),
(6, 1, 41, 'grant', NULL, NULL),
(7, 1, 39, 'grant', NULL, NULL),
(8, 1, 6, 'grant', NULL, NULL),
(9, 1, 8, 'grant', NULL, NULL),
(10, 1, 7, 'grant', NULL, NULL),
(11, 1, 5, 'grant', NULL, NULL),
(12, 1, 28, 'grant', NULL, NULL),
(13, 1, 30, 'grant', NULL, NULL),
(14, 1, 29, 'grant', NULL, NULL),
(15, 1, 27, 'grant', NULL, NULL),
(16, 1, 48, 'grant', NULL, NULL),
(17, 1, 50, 'grant', NULL, NULL),
(18, 1, 49, 'grant', NULL, NULL),
(19, 1, 47, 'grant', NULL, NULL),
(20, 1, 32, 'grant', NULL, NULL),
(21, 1, 34, 'grant', NULL, NULL),
(22, 1, 33, 'grant', NULL, NULL),
(23, 1, 31, 'grant', NULL, NULL),
(24, 1, 36, 'grant', NULL, NULL),
(25, 1, 38, 'grant', NULL, NULL),
(26, 1, 37, 'grant', NULL, NULL),
(27, 1, 35, 'grant', NULL, NULL),
(28, 1, 24, 'grant', NULL, NULL),
(29, 1, 26, 'grant', NULL, NULL),
(30, 1, 25, 'grant', NULL, NULL),
(31, 1, 23, 'grant', NULL, NULL),
(32, 1, 10, 'grant', NULL, NULL),
(33, 1, 12, 'grant', NULL, NULL),
(34, 1, 11, 'grant', NULL, NULL),
(35, 1, 9, 'grant', NULL, NULL),
(36, 1, 51, 'grant', NULL, NULL),
(37, 1, 44, 'grant', NULL, NULL),
(38, 1, 46, 'grant', NULL, NULL),
(39, 1, 45, 'grant', NULL, NULL),
(40, 1, 43, 'grant', NULL, NULL),
(41, 1, 17, 'grant', NULL, NULL),
(42, 1, 14, 'grant', NULL, NULL),
(43, 1, 16, 'grant', NULL, NULL),
(44, 1, 15, 'grant', NULL, NULL),
(45, 1, 18, 'grant', NULL, NULL),
(46, 1, 13, 'grant', NULL, NULL),
(49, 1, 20, 'grant', NULL, NULL),
(50, 1, 22, 'grant', NULL, NULL),
(51, 1, 21, 'grant', NULL, NULL),
(52, 1, 19, 'grant', NULL, NULL),
(53, 1, 4, 'grant', NULL, NULL),
(54, 1, 3, 'grant', NULL, NULL),
(55, 1, 54, 'grant', NULL, NULL),
(56, 1, 53, 'grant', NULL, NULL),
(57, 2, 52, 'grant', NULL, NULL),
(58, 2, 42, 'grant', NULL, NULL),
(59, 2, 40, 'grant', NULL, NULL),
(60, 2, 41, 'grant', NULL, NULL),
(61, 2, 39, 'grant', NULL, NULL),
(62, 2, 6, 'grant', NULL, NULL),
(63, 2, 8, 'grant', NULL, NULL),
(64, 2, 7, 'grant', NULL, NULL),
(65, 2, 5, 'grant', NULL, NULL),
(66, 2, 28, 'grant', NULL, NULL),
(67, 2, 30, 'grant', NULL, NULL),
(68, 2, 29, 'grant', NULL, NULL),
(69, 2, 27, 'grant', NULL, NULL),
(70, 2, 36, 'grant', NULL, NULL),
(71, 2, 38, 'grant', NULL, NULL),
(72, 2, 37, 'grant', NULL, NULL),
(73, 2, 35, 'grant', NULL, NULL),
(74, 2, 24, 'grant', NULL, NULL),
(75, 2, 26, 'grant', NULL, NULL),
(76, 2, 25, 'grant', NULL, NULL),
(77, 2, 23, 'grant', NULL, NULL),
(78, 2, 10, 'grant', NULL, NULL),
(79, 2, 12, 'grant', NULL, NULL),
(80, 2, 11, 'grant', NULL, NULL),
(81, 2, 9, 'grant', NULL, NULL),
(82, 2, 44, 'grant', NULL, NULL),
(83, 2, 46, 'grant', NULL, NULL),
(84, 2, 45, 'grant', NULL, NULL),
(85, 2, 43, 'grant', NULL, NULL),
(86, 2, 17, 'grant', NULL, NULL),
(87, 2, 14, 'grant', NULL, NULL),
(88, 2, 16, 'grant', NULL, NULL),
(89, 2, 15, 'grant', NULL, NULL),
(90, 2, 18, 'grant', NULL, NULL),
(91, 2, 13, 'grant', NULL, NULL),
(92, 2, 54, 'grant', NULL, NULL),
(93, 2, 53, 'grant', NULL, NULL),
(94, 2, 20, 'grant', NULL, NULL),
(95, 2, 22, 'grant', NULL, NULL),
(96, 2, 21, 'grant', NULL, NULL),
(97, 2, 19, 'grant', NULL, NULL),
(98, 3, 52, 'grant', NULL, NULL),
(99, 3, 42, 'grant', NULL, NULL),
(100, 3, 40, 'grant', NULL, NULL),
(101, 3, 41, 'grant', NULL, NULL),
(102, 3, 39, 'grant', NULL, NULL),
(103, 3, 6, 'grant', NULL, NULL),
(104, 3, 8, 'grant', NULL, NULL),
(105, 3, 7, 'grant', NULL, NULL),
(106, 3, 5, 'grant', NULL, NULL),
(107, 3, 28, 'grant', NULL, NULL),
(108, 3, 30, 'grant', NULL, NULL),
(109, 3, 29, 'grant', NULL, NULL),
(110, 3, 27, 'grant', NULL, NULL),
(111, 3, 48, 'grant', NULL, NULL),
(112, 3, 50, 'grant', NULL, NULL),
(113, 3, 49, 'grant', NULL, NULL),
(114, 3, 47, 'grant', NULL, NULL),
(115, 3, 32, 'grant', NULL, NULL),
(116, 3, 34, 'grant', NULL, NULL),
(117, 3, 33, 'grant', NULL, NULL),
(118, 3, 31, 'grant', NULL, NULL),
(119, 3, 36, 'grant', NULL, NULL),
(120, 3, 38, 'grant', NULL, NULL),
(121, 3, 37, 'grant', NULL, NULL),
(122, 3, 35, 'grant', NULL, NULL),
(123, 3, 24, 'grant', NULL, NULL),
(124, 3, 26, 'grant', NULL, NULL),
(125, 3, 25, 'grant', NULL, NULL),
(126, 3, 23, 'grant', NULL, NULL),
(127, 3, 10, 'grant', NULL, NULL),
(128, 3, 12, 'grant', NULL, NULL),
(129, 3, 11, 'grant', NULL, NULL),
(130, 3, 9, 'grant', NULL, NULL),
(131, 3, 51, 'grant', NULL, NULL),
(132, 3, 44, 'grant', NULL, NULL),
(133, 3, 46, 'grant', NULL, NULL),
(134, 3, 45, 'grant', NULL, NULL),
(135, 3, 43, 'grant', NULL, NULL),
(136, 3, 17, 'grant', NULL, NULL),
(137, 3, 14, 'grant', NULL, NULL),
(138, 3, 16, 'grant', NULL, NULL),
(139, 3, 15, 'grant', NULL, NULL),
(140, 3, 18, 'grant', NULL, NULL),
(141, 3, 13, 'grant', NULL, NULL),
(142, 3, 54, 'grant', NULL, NULL),
(143, 3, 53, 'grant', NULL, NULL),
(144, 3, 20, 'grant', NULL, NULL),
(145, 3, 22, 'grant', NULL, NULL),
(146, 3, 21, 'grant', NULL, NULL),
(147, 3, 19, 'grant', NULL, NULL),
(148, 3, 2, 'grant', NULL, NULL),
(149, 3, 4, 'grant', NULL, NULL),
(150, 3, 3, 'grant', NULL, NULL),
(151, 3, 1, 'grant', NULL, NULL);

-- --------------------------------------------------------

--
-- Table structure for table `user_role`
--

CREATE TABLE `user_role` (
  `id` bigint(20) UNSIGNED NOT NULL,
  `user_id` bigint(20) UNSIGNED NOT NULL,
  `role_id` bigint(20) UNSIGNED NOT NULL,
  `created_at` timestamp NULL DEFAULT NULL,
  `updated_at` timestamp NULL DEFAULT NULL
) ENGINE=InnoDB DEFAULT CHARSET=utf8mb4 COLLATE=utf8mb4_unicode_ci;

--
-- Dumping data for table `user_role`
--

INSERT INTO `user_role` (`id`, `user_id`, `role_id`, `created_at`, `updated_at`) VALUES
(1, 1, 1, NULL, NULL),
(2, 2, 2, NULL, NULL),
(3, 3, 1, NULL, NULL);

--
-- Indexes for dumped tables
--

--
-- Indexes for table `auth_tokens`
--
ALTER TABLE `auth_tokens`
  ADD PRIMARY KEY (`id`),
  ADD UNIQUE KEY `auth_tokens_token_unique` (`token`),
  ADD KEY `auth_tokens_user_id_foreign` (`user_id`);

--
-- Indexes for table `cache`
--
ALTER TABLE `cache`
  ADD PRIMARY KEY (`key`);

--
-- Indexes for table `cache_locks`
--
ALTER TABLE `cache_locks`
  ADD PRIMARY KEY (`key`);

--
-- Indexes for table `cash_registers`
--
ALTER TABLE `cash_registers`
  ADD PRIMARY KEY (`id`),
  ADD KEY `cash_registers_user_id_foreign` (`user_id`);

--
-- Indexes for table `categories`
--
ALTER TABLE `categories`
  ADD PRIMARY KEY (`id`);

--
-- Indexes for table `customers`
--
ALTER TABLE `customers`
  ADD PRIMARY KEY (`id`),
  ADD UNIQUE KEY `customers_cpf_unique` (`cpf`);

--
-- Indexes for table `encomendas`
--
ALTER TABLE `encomendas`
  ADD PRIMARY KEY (`id`),
  ADD UNIQUE KEY `encomendas_code_unique` (`code`),
  ADD KEY `encomendas_user_id_foreign` (`user_id`),
  ADD KEY `encomendas_customer_id_foreign` (`customer_id`);

--
-- Indexes for table `encomenda_items`
--
ALTER TABLE `encomenda_items`
  ADD PRIMARY KEY (`id`),
  ADD KEY `encomenda_items_encomenda_id_foreign` (`encomenda_id`),
  ADD KEY `encomenda_items_product_id_foreign` (`product_id`);

--
-- Indexes for table `expenses`
--
ALTER TABLE `expenses`
  ADD PRIMARY KEY (`id`),
  ADD KEY `expenses_user_id_foreign` (`user_id`),
  ADD KEY `expenses_cash_register_id_foreign` (`cash_register_id`);

--
-- Indexes for table `failed_jobs`
--
ALTER TABLE `failed_jobs`
  ADD PRIMARY KEY (`id`),
  ADD UNIQUE KEY `failed_jobs_uuid_unique` (`uuid`);

--
-- Indexes for table `jobs`
--
ALTER TABLE `jobs`
  ADD PRIMARY KEY (`id`),
  ADD KEY `jobs_queue_index` (`queue`);

--
-- Indexes for table `job_batches`
--
ALTER TABLE `job_batches`
  ADD PRIMARY KEY (`id`);

--
-- Indexes for table `menus`
--
ALTER TABLE `menus`
  ADD PRIMARY KEY (`id`),
  ADD UNIQUE KEY `menus_product_id_day_of_week_unique` (`product_id`,`day_of_week`);

--
-- Indexes for table `migrations`
--
ALTER TABLE `migrations`
  ADD PRIMARY KEY (`id`);

--
-- Indexes for table `motoboys`
--
ALTER TABLE `motoboys`
  ADD PRIMARY KEY (`id`),
  ADD UNIQUE KEY `motoboys_cpf_unique` (`cpf`);

--
-- Indexes for table `password_reset_tokens`
--
ALTER TABLE `password_reset_tokens`
  ADD PRIMARY KEY (`email`);

--
-- Indexes for table `permissions`
--
ALTER TABLE `permissions`
  ADD PRIMARY KEY (`id`),
  ADD UNIQUE KEY `permissions_name_unique` (`name`);

--
-- Indexes for table `products`
--
ALTER TABLE `products`
  ADD PRIMARY KEY (`id`),
  ADD KEY `products_category_id_foreign` (`category_id`);

--
-- Indexes for table `roles`
--
ALTER TABLE `roles`
  ADD PRIMARY KEY (`id`),
  ADD UNIQUE KEY `roles_name_unique` (`name`);

--
-- Indexes for table `role_permission`
--
ALTER TABLE `role_permission`
  ADD PRIMARY KEY (`id`),
  ADD UNIQUE KEY `role_permission_role_id_permission_id_unique` (`role_id`,`permission_id`),
  ADD KEY `role_permission_permission_id_foreign` (`permission_id`);

--
-- Indexes for table `sales`
--
ALTER TABLE `sales`
  ADD PRIMARY KEY (`id`),
  ADD UNIQUE KEY `sales_code_unique` (`code`),
  ADD KEY `sales_cash_register_id_foreign` (`cash_register_id`),
  ADD KEY `sales_user_id_foreign` (`user_id`),
  ADD KEY `sales_customer_id_foreign` (`customer_id`),
  ADD KEY `sales_table_id_foreign` (`table_id`),
  ADD KEY `sales_motoboy_id_foreign` (`motoboy_id`);

--
-- Indexes for table `sale_items`
--
ALTER TABLE `sale_items`
  ADD PRIMARY KEY (`id`),
  ADD KEY `sale_items_sale_id_foreign` (`sale_id`),
  ADD KEY `sale_items_product_id_foreign` (`product_id`);

--
-- Indexes for table `sessions`
--
ALTER TABLE `sessions`
  ADD PRIMARY KEY (`id`),
  ADD KEY `sessions_user_id_index` (`user_id`),
  ADD KEY `sessions_last_activity_index` (`last_activity`);

--
-- Indexes for table `settings`
--
ALTER TABLE `settings`
  ADD PRIMARY KEY (`id`),
  ADD UNIQUE KEY `settings_key_unique` (`key`);

--
-- Indexes for table `tables`
--
ALTER TABLE `tables`
  ADD PRIMARY KEY (`id`),
  ADD UNIQUE KEY `tables_number_unique` (`number`);

--
-- Indexes for table `users`
--
ALTER TABLE `users`
  ADD PRIMARY KEY (`id`),
  ADD UNIQUE KEY `users_email_unique` (`email`);

--
-- Indexes for table `user_permission`
--
ALTER TABLE `user_permission`
  ADD PRIMARY KEY (`id`),
  ADD UNIQUE KEY `user_permission_user_id_permission_id_unique` (`user_id`,`permission_id`),
  ADD KEY `user_permission_permission_id_foreign` (`permission_id`);

--
-- Indexes for table `user_role`
--
ALTER TABLE `user_role`
  ADD PRIMARY KEY (`id`),
  ADD UNIQUE KEY `user_role_user_id_role_id_unique` (`user_id`,`role_id`),
  ADD KEY `user_role_role_id_foreign` (`role_id`);

--
-- AUTO_INCREMENT for dumped tables
--

--
-- AUTO_INCREMENT for table `auth_tokens`
--
ALTER TABLE `auth_tokens`
  MODIFY `id` bigint(20) UNSIGNED NOT NULL AUTO_INCREMENT;

--
-- AUTO_INCREMENT for table `cash_registers`
--
ALTER TABLE `cash_registers`
  MODIFY `id` bigint(20) UNSIGNED NOT NULL AUTO_INCREMENT, AUTO_INCREMENT=11;

--
-- AUTO_INCREMENT for table `categories`
--
ALTER TABLE `categories`
  MODIFY `id` bigint(20) UNSIGNED NOT NULL AUTO_INCREMENT, AUTO_INCREMENT=15;

--
-- AUTO_INCREMENT for table `customers`
--
ALTER TABLE `customers`
  MODIFY `id` bigint(20) UNSIGNED NOT NULL AUTO_INCREMENT, AUTO_INCREMENT=11;

--
-- AUTO_INCREMENT for table `encomendas`
--
ALTER TABLE `encomendas`
  MODIFY `id` bigint(20) UNSIGNED NOT NULL AUTO_INCREMENT, AUTO_INCREMENT=2;

--
-- AUTO_INCREMENT for table `encomenda_items`
--
ALTER TABLE `encomenda_items`
  MODIFY `id` bigint(20) UNSIGNED NOT NULL AUTO_INCREMENT, AUTO_INCREMENT=2;

--
-- AUTO_INCREMENT for table `expenses`
--
ALTER TABLE `expenses`
  MODIFY `id` bigint(20) UNSIGNED NOT NULL AUTO_INCREMENT, AUTO_INCREMENT=9;

--
-- AUTO_INCREMENT for table `failed_jobs`
--
ALTER TABLE `failed_jobs`
  MODIFY `id` bigint(20) UNSIGNED NOT NULL AUTO_INCREMENT;

--
-- AUTO_INCREMENT for table `jobs`
--
ALTER TABLE `jobs`
  MODIFY `id` bigint(20) UNSIGNED NOT NULL AUTO_INCREMENT;

--
-- AUTO_INCREMENT for table `menus`
--
ALTER TABLE `menus`
  MODIFY `id` bigint(20) UNSIGNED NOT NULL AUTO_INCREMENT, AUTO_INCREMENT=361;

--
-- AUTO_INCREMENT for table `migrations`
--
ALTER TABLE `migrations`
  MODIFY `id` int(10) UNSIGNED NOT NULL AUTO_INCREMENT, AUTO_INCREMENT=21;

--
-- AUTO_INCREMENT for table `motoboys`
--
ALTER TABLE `motoboys`
  MODIFY `id` bigint(20) UNSIGNED NOT NULL AUTO_INCREMENT, AUTO_INCREMENT=7;

--
-- AUTO_INCREMENT for table `permissions`
--
ALTER TABLE `permissions`
  MODIFY `id` bigint(20) UNSIGNED NOT NULL AUTO_INCREMENT, AUTO_INCREMENT=55;

--
-- AUTO_INCREMENT for table `products`
--
ALTER TABLE `products`
  MODIFY `id` bigint(20) UNSIGNED NOT NULL AUTO_INCREMENT, AUTO_INCREMENT=56;

--
-- AUTO_INCREMENT for table `roles`
--
ALTER TABLE `roles`
  MODIFY `id` bigint(20) UNSIGNED NOT NULL AUTO_INCREMENT, AUTO_INCREMENT=4;

--
-- AUTO_INCREMENT for table `role_permission`
--
ALTER TABLE `role_permission`
  MODIFY `id` bigint(20) UNSIGNED NOT NULL AUTO_INCREMENT, AUTO_INCREMENT=64;

--
-- AUTO_INCREMENT for table `sales`
--
ALTER TABLE `sales`
  MODIFY `id` bigint(20) UNSIGNED NOT NULL AUTO_INCREMENT, AUTO_INCREMENT=159;

--
-- AUTO_INCREMENT for table `sale_items`
--
ALTER TABLE `sale_items`
  MODIFY `id` bigint(20) UNSIGNED NOT NULL AUTO_INCREMENT, AUTO_INCREMENT=244;

--
-- AUTO_INCREMENT for table `settings`
--
ALTER TABLE `settings`
  MODIFY `id` bigint(20) UNSIGNED NOT NULL AUTO_INCREMENT, AUTO_INCREMENT=6;

--
-- AUTO_INCREMENT for table `tables`
--
ALTER TABLE `tables`
  MODIFY `id` bigint(20) UNSIGNED NOT NULL AUTO_INCREMENT, AUTO_INCREMENT=12;

--
-- AUTO_INCREMENT for table `users`
--
ALTER TABLE `users`
  MODIFY `id` bigint(20) UNSIGNED NOT NULL AUTO_INCREMENT, AUTO_INCREMENT=4;

--
-- AUTO_INCREMENT for table `user_permission`
--
ALTER TABLE `user_permission`
  MODIFY `id` bigint(20) UNSIGNED NOT NULL AUTO_INCREMENT, AUTO_INCREMENT=152;

--
-- AUTO_INCREMENT for table `user_role`
--
ALTER TABLE `user_role`
  MODIFY `id` bigint(20) UNSIGNED NOT NULL AUTO_INCREMENT, AUTO_INCREMENT=4;

--
-- Constraints for dumped tables
--

--
-- Constraints for table `auth_tokens`
--
ALTER TABLE `auth_tokens`
  ADD CONSTRAINT `auth_tokens_user_id_foreign` FOREIGN KEY (`user_id`) REFERENCES `users` (`id`) ON DELETE CASCADE;

--
-- Constraints for table `cash_registers`
--
ALTER TABLE `cash_registers`
  ADD CONSTRAINT `cash_registers_user_id_foreign` FOREIGN KEY (`user_id`) REFERENCES `users` (`id`) ON DELETE CASCADE;

--
-- Constraints for table `encomendas`
--
ALTER TABLE `encomendas`
  ADD CONSTRAINT `encomendas_customer_id_foreign` FOREIGN KEY (`customer_id`) REFERENCES `customers` (`id`) ON DELETE SET NULL,
  ADD CONSTRAINT `encomendas_user_id_foreign` FOREIGN KEY (`user_id`) REFERENCES `users` (`id`) ON DELETE CASCADE;

--
-- Constraints for table `encomenda_items`
--
ALTER TABLE `encomenda_items`
  ADD CONSTRAINT `encomenda_items_encomenda_id_foreign` FOREIGN KEY (`encomenda_id`) REFERENCES `encomendas` (`id`) ON DELETE CASCADE,
  ADD CONSTRAINT `encomenda_items_product_id_foreign` FOREIGN KEY (`product_id`) REFERENCES `products` (`id`) ON DELETE SET NULL;

--
-- Constraints for table `expenses`
--
ALTER TABLE `expenses`
  ADD CONSTRAINT `expenses_cash_register_id_foreign` FOREIGN KEY (`cash_register_id`) REFERENCES `cash_registers` (`id`) ON DELETE SET NULL,
  ADD CONSTRAINT `expenses_user_id_foreign` FOREIGN KEY (`user_id`) REFERENCES `users` (`id`) ON DELETE CASCADE;

--
-- Constraints for table `menus`
--
ALTER TABLE `menus`
  ADD CONSTRAINT `menus_product_id_foreign` FOREIGN KEY (`product_id`) REFERENCES `products` (`id`) ON DELETE CASCADE;

--
-- Constraints for table `products`
--
ALTER TABLE `products`
  ADD CONSTRAINT `products_category_id_foreign` FOREIGN KEY (`category_id`) REFERENCES `categories` (`id`) ON DELETE CASCADE;

--
-- Constraints for table `role_permission`
--
ALTER TABLE `role_permission`
  ADD CONSTRAINT `role_permission_permission_id_foreign` FOREIGN KEY (`permission_id`) REFERENCES `permissions` (`id`) ON DELETE CASCADE,
  ADD CONSTRAINT `role_permission_role_id_foreign` FOREIGN KEY (`role_id`) REFERENCES `roles` (`id`) ON DELETE CASCADE;

--
-- Constraints for table `sales`
--
ALTER TABLE `sales`
  ADD CONSTRAINT `sales_cash_register_id_foreign` FOREIGN KEY (`cash_register_id`) REFERENCES `cash_registers` (`id`) ON DELETE CASCADE,
  ADD CONSTRAINT `sales_customer_id_foreign` FOREIGN KEY (`customer_id`) REFERENCES `customers` (`id`) ON DELETE SET NULL,
  ADD CONSTRAINT `sales_motoboy_id_foreign` FOREIGN KEY (`motoboy_id`) REFERENCES `motoboys` (`id`) ON DELETE SET NULL,
  ADD CONSTRAINT `sales_table_id_foreign` FOREIGN KEY (`table_id`) REFERENCES `tables` (`id`) ON DELETE SET NULL,
  ADD CONSTRAINT `sales_user_id_foreign` FOREIGN KEY (`user_id`) REFERENCES `users` (`id`) ON DELETE CASCADE;

--
-- Constraints for table `sale_items`
--
ALTER TABLE `sale_items`
  ADD CONSTRAINT `sale_items_product_id_foreign` FOREIGN KEY (`product_id`) REFERENCES `products` (`id`) ON DELETE CASCADE,
  ADD CONSTRAINT `sale_items_sale_id_foreign` FOREIGN KEY (`sale_id`) REFERENCES `sales` (`id`) ON DELETE CASCADE;

--
-- Constraints for table `user_permission`
--
ALTER TABLE `user_permission`
  ADD CONSTRAINT `user_permission_permission_id_foreign` FOREIGN KEY (`permission_id`) REFERENCES `permissions` (`id`) ON DELETE CASCADE,
  ADD CONSTRAINT `user_permission_user_id_foreign` FOREIGN KEY (`user_id`) REFERENCES `users` (`id`) ON DELETE CASCADE;

--
-- Constraints for table `user_role`
--
ALTER TABLE `user_role`
  ADD CONSTRAINT `user_role_role_id_foreign` FOREIGN KEY (`role_id`) REFERENCES `roles` (`id`) ON DELETE CASCADE,
  ADD CONSTRAINT `user_role_user_id_foreign` FOREIGN KEY (`user_id`) REFERENCES `users` (`id`) ON DELETE CASCADE;
COMMIT;

/*!40101 SET CHARACTER_SET_CLIENT=@OLD_CHARACTER_SET_CLIENT */;
/*!40101 SET CHARACTER_SET_RESULTS=@OLD_CHARACTER_SET_RESULTS */;
/*!40101 SET COLLATION_CONNECTION=@OLD_COLLATION_CONNECTION */;
